,ACCT220,ECON309,ECON310,ECON311,ECON401,ENGL205,ENGL305,ENGL306,ECON160,ECON161,MATH103,MATH150A,MATH255A,MATH140,SOM120,cluster_label,graduated
0,2.0,-2.0,0.0,-2.0,-2.0,-2.0,-2.0,-2.0,1.0,1.0,-2.0,1.0,1.0,0.0,-2.0,0,0
1,-0.7,-2.0,-1.0,-1.0,-2.0,-2.0,1.0,-2.0,-2.0,-2.0,0.0,-2.0,-2.0,-2.0,-0.7,0,0
2,-1.3,0.0,0.0,0.2999999999999998,0.0,-2.0,-2.0,-2.0,1.0,0.2999999999999998,0.0,-2.0,-2.0,-2.0,0.7000000000000002,1,0
3,-2.0,-2.0,-2.0,-2.0,-2.0,-2.0,-2.0,-2.0,0.0,1.0,-2.0,-2.0,-2.0,-2.0,-2.0,0,0
4,-2.0,-2.0,-2.0,-2.0,-2.0,-2.0,-2.0,-2.0,1.0,-2.0,1.0,-2.0,-2.0,1.2999999999999998,-2.0,0,0
5,0.0,1.0,-2.0,2.0,0.0,-2.0,-2.0,-2.0,0.0,1.0,-2.0,-2.0,-2.0,1.0,-2.0,1,1
6,2.0,-2.0,-2.0,-2.0,-2.0,-2.0,-2.0,-2.0,2.0,2.0,-2.0,-2.0,-2.0,0.0,-2.0,0,0
7,2.0,0.0,0.0,0.7000000000000002,-0.30000000000000004,1.0,-2.0,-2.0,2.0,2.0,-2.0,-2.0,-2.0,2.0,-2.0,1,1
8,-2.0,-2.0,-2.0,-2.0,-2.0,-2.0,-2.0,-2.0,-2.0,-2.0,-2.0,-2.0,-2.0,-2.0,-2.0,0,0
9,-2.0,2.0,1.0,1.7000000000000002,1.0,2.0,-2.0,-2.0,-2.0,-2.0,2.0,-2.0,-2.0,-2.0,-2.0,1,1
10,2.0,-2.0,-2.0,-2.0,-2.0,1.2999999999999998,-2.0,-2.0,2.0,0.0,2.0,-2.0,-2.0,-2.0,-2.0,0,0
11,-0.30000000000000004,0.0,0.2999999999999998,0.2999999999999998,0.0,1.0,-2.0,-2.0,0.0,0.0,0.2999999999999998,-2.0,-2.0,0.2999999999999998,-2.0,1,1
12,-2.0,1.0,1.0,1.7000000000000002,-2.0,1.0,-2.0,-2.0,1.0,1.0,-2.0,1.0,1.0,-2.0,1.2999999999999998,1,0
13,1.0,0.0,0.2999999999999998,-1.0,0.2999999999999998,-2.0,-2.0,-2.0,0.0,1.0,-2.0,-2.0,-2.0,1.0,-2.0,1,1
14,2.0,1.0,-0.30000000000000004,0.0,-2.0,2.0,-2.0,-2.0,2.0,2.0,2.0,-2.0,-2.0,1.0,-2.0,1,0
15,0.0,0.2999999999999998,1.0,0.0,0.7000000000000002,-2.0,-2.0,-2.0,0.2999999999999998,0.0,-2.0,-2.0,-2.0,-2.0,1.0,1,1
16,1.0,-2.0,1.0,0.0,-2.0,-2.0,-2.0,-2.0,0.0,0.0,-2.0,-2.0,-2.0,-2.0,0.0,0,0
17,1.0,2.0,-2.0,1.2999999999999998,0.7000000000000002,-2.0,-2.0,-2.0,2.0,1.0,-2.0,-2.0,-2.0,-2.0,1.2999999999999998,1,1
18,2.0,1.0,2.0,1.2999999999999998,1.0,-2.0,-2.0,-2.0,2.0,2.0,-2.0,2.0,2.0,2.0,-2.0,1,1
19,1.0,1.0,0.7000000000000002,1.0,2.0,-2.0,-2.0,-2.0,1.0,1.0,-2.0,1.0,1.0,2.0,-2.0,1,1
20,-2.0,-2.0,-2.0,-2.0,-2.0,-0.30000000000000004,-2.0,-2.0,1.0,1.0,0.0,-2.0,-2.0,1.0,-2.0,0,0
21,0.0,2.0,1.0,-2.0,-2.0,2.0,-2.0,-2.0,1.0,1.0,2.0,-2.0,-2.0,-2.0,-2.0,1,0
22,0.2999999999999998,0.0,0.0,1.0,-2.0,1.2999999999999998,-2.0,-2.0,1.0,-2.0,0.7000000000000002,-2.0,-2.0,2.0,-2.0,1,0
23,0.7000000000000002,1.0,1.0,-0.7,0.2999999999999998,-2.0,-2.0,-2.0,0.0,0.0,2.0,-2.0,-2.0,0.0,-2.0,1,1
24,1.0,-1.0,0.0,-0.30000000000000004,-2.0,-2.0,-2.0,-2.0,1.0,0.0,-2.0,0.0,0.0,0.0,-2.0,0,0
25,1.0,1.0,1.0,0.0,1.0,1.0,-2.0,-2.0,2.0,0.7000000000000002,2.0,-2.0,-2.0,0.7000000000000002,-2.0,1,1
26,1.0,1.0,0.0,-0.7,-0.30000000000000004,0.7000000000000002,-2.0,-2.0,0.0,1.0,1.0,-2.0,-2.0,2.0,-2.0,1,0
27,2.0,1.0,-2.0,0.2999999999999998,-0.30000000000000004,-2.0,-2.0,2.0,1.0,1.0,1.0,-2.0,-2.0,1.0,-2.0,1,1
28,-2.0,-2.0,-2.0,-2.0,-2.0,-2.0,-2.0,-2.0,-2.0,-2.0,-2.0,-2.0,-2.0,-2.0,-2.0,0,0
29,2.0,1.0,0.0,1.7000000000000002,1.0,-2.0,-2.0,-2.0,0.7000000000000002,0.0,2.0,-2.0,-2.0,-2.0,1.0,1,1
30,2.0,-1.0,-1.3,2.0,-2.0,1.2999999999999998,-2.0,-2.0,0.0,2.0,-2.0,-2.0,-2.0,-2.0,-2.0,1,0
31,-2.0,-2.0,-2.0,-2.0,-2.0,-2.0,-2.0,-2.0,-2.0,-2.0,-2.0,-2.0,-2.0,-2.0,-2.0,0,0
32,-1.3,0.0,-2.0,-2.0,1.0,0.0,-2.0,-2.0,1.2999999999999998,-2.0,0.2999999999999998,-2.0,-2.0,-2.0,0.2999999999999998,0,1
33,-2.0,-2.0,-2.0,-2.0,-2.0,-2.0,-2.0,-2.0,2.0,2.0,-2.0,-2.0,-2.0,0.2999999999999998,-2.0,0,0
34,2.0,1.0,1.7000000000000002,2.0,2.0,-2.0,-2.0,2.0,2.0,1.0,-2.0,-2.0,-2.0,-2.0,-2.0,1,0
35,-2.0,0.0,2.0,2.0,1.0,-2.0,-2.0,-2.0,2.0,2.0,-2.0,1.0,-2.0,2.0,-2.0,1,0
36,-2.0,-2.0,-2.0,-2.0,-2.0,1.0,-2.0,-2.0,2.0,2.0,-2.0,-2.0,-2.0,0.0,-2.0,0,0
37,1.0,-1.0,0.2999999999999998,0.0,-1.0,-2.0,-2.0,-2.0,2.0,2.0,-2.0,0.0,0.0,1.0,-2.0,1,0
38,0.0,0.0,-2.0,0.0,1.0,-2.0,-2.0,-2.0,1.0,1.0,-2.0,0.0,0.0,1.0,-2.0,1,1
39,-2.0,2.0,2.0,1.2999999999999998,2.0,-2.0,-2.0,-2.0,-0.30000000000000004,-1.0,-2.0,1.0,-2.0,-2.0,0.0,1,1
40,-2.0,-2.0,0.0,-2.0,-2.0,1.0,-2.0,-2.0,0.0,1.0,-2.0,-2.0,-2.0,0.0,-2.0,0,0
41,1.0,0.0,0.0,0.0,-0.30000000000000004,-2.0,-2.0,-2.0,1.0,2.0,-2.0,0.0,-2.0,2.0,-2.0,1,1
42,2.0,2.0,1.7000000000000002,2.0,-2.0,-2.0,-2.0,-2.0,2.0,2.0,-2.0,2.0,-2.0,-2.0,2.0,1,0
43,2.0,2.0,1.0,-2.0,1.2999999999999998,-2.0,-2.0,-2.0,2.0,2.0,-2.0,-2.0,-2.0,2.0,-2.0,1,1
44,0.0,-1.0,-2.0,-1.0,-2.0,1.0,-2.0,-2.0,0.0,1.0,-1.3,-2.0,-2.0,-2.0,-2.0,0,0
45,1.0,0.0,1.0,0.2999999999999998,0.0,2.0,-2.0,-2.0,1.0,0.0,-2.0,0.0,0.0,1.0,-2.0,1,0
46,2.0,-2.0,-2.0,-2.0,-2.0,-2.0,-2.0,-2.0,1.0,1.0,-2.0,-2.0,-2.0,-2.0,-2.0,0,0
47,2.0,0.2999999999999998,1.0,1.0,1.0,-2.0,-2.0,-2.0,1.0,2.0,2.0,-2.0,-2.0,1.0,-2.0,1,1
48,-2.0,-2.0,-2.0,-2.0,-2.0,-2.0,-2.0,-2.0,0.0,0.0,-2.0,-2.0,-2.0,-2.0,-2.0,0,0
49,0.0,-2.0,-2.0,-2.0,-2.0,-2.0,-2.0,-2.0,2.0,1.0,-2.0,-2.0,-2.0,-2.0,-2.0,0,0
50,0.0,1.0,1.0,1.0,2.0,-2.0,-2.0,-2.0,2.0,2.0,-2.0,0.2999999999999998,-2.0,1.0,-2.0,1,0
51,1.0,0.0,-2.0,-2.0,1.0,-2.0,-2.0,-2.0,0.0,2.0,-2.0,-2.0,-2.0,0.0,-2.0,0,1
52,1.7000000000000002,2.0,0.0,-0.7,-2.0,0.7000000000000002,-2.0,-2.0,1.0,0.7000000000000002,0.0,-2.0,-2.0,-2.0,-2.0,1,0
53,-2.0,-2.0,0.0,-2.0,-1.0,-2.0,-2.0,-2.0,-2.0,-2.0,0.7000000000000002,-2.0,-2.0,-2.0,0.0,0,1
54,-2.0,2.0,1.7000000000000002,2.0,1.0,-2.0,-2.0,-2.0,2.0,1.2999999999999998,0.0,-2.0,-2.0,0.0,-2.0,1,1
55,-1.0,0.0,-1.0,0.0,-2.0,-2.0,-2.0,-2.0,-2.0,0.0,0.2999999999999998,-2.0,-2.0,0.0,-2.0,0,0
56,1.0,-2.0,-2.0,-2.0,-2.0,1.7000000000000002,-2.0,-2.0,1.0,-2.0,2.0,-2.0,-2.0,-2.0,-2.0,0,0
57,1.0,1.0,0.7000000000000002,2.0,2.0,1.0,-2.0,-2.0,2.0,2.0,-2.0,-2.0,-2.0,1.0,-2.0,1,1
58,0.0,1.2999999999999998,2.0,1.7000000000000002,2.0,-2.0,-2.0,-2.0,1.7000000000000002,1.7000000000000002,-2.0,-2.0,-2.0,-2.0,1.7000000000000002,1,1
59,2.0,-2.0,-2.0,-2.0,-2.0,-2.0,-2.0,-2.0,2.0,2.0,-2.0,1.0,1.0,2.0,-2.0,0,0
60,0.0,0.0,0.0,-1.3,-2.0,1.0,-2.0,-2.0,2.0,1.0,0.0,-2.0,-2.0,0.0,-2.0,1,0
61,2.0,2.0,2.0,2.0,1.2999999999999998,-2.0,-2.0,-2.0,2.0,2.0,-2.0,0.0,-2.0,-2.0,2.0,1,1
62,1.0,0.0,1.2999999999999998,2.0,-1.0,-2.0,-2.0,-2.0,1.0,1.0,-2.0,-2.0,-2.0,1.0,-2.0,1,1
63,0.0,1.0,0.0,0.7000000000000002,0.0,-2.0,-2.0,-0.30000000000000004,2.0,1.0,1.0,-2.0,-2.0,2.0,-2.0,1,0
64,-2.0,-2.0,-2.0,-2.0,-2.0,-2.0,-2.0,-2.0,-2.0,-2.0,0.0,-2.0,-2.0,-2.0,-2.0,0,0
65,2.0,1.7000000000000002,1.0,1.7000000000000002,0.0,2.0,-2.0,-2.0,2.0,0.0,1.0,-2.0,-2.0,-2.0,1.2999999999999998,1,0
66,1.0,0.0,1.0,0.2999999999999998,0.0,1.7000000000000002,-2.0,-2.0,1.0,1.0,1.7000000000000002,-2.0,-2.0,1.0,-2.0,1,1
67,2.0,1.0,1.0,0.7000000000000002,0.7000000000000002,0.0,-2.0,-2.0,0.0,1.0,-2.0,-2.0,-2.0,2.0,-2.0,1,1
68,2.0,1.0,2.0,1.0,2.0,-2.0,-2.0,-2.0,2.0,2.0,-2.0,1.0,1.0,2.0,-2.0,1,1
69,1.0,1.0,0.2999999999999998,1.2999999999999998,1.0,-2.0,-2.0,-2.0,2.0,1.0,-2.0,1.0,-2.0,-2.0,1.0,1,1
70,0.0,-1.0,-1.3,-2.0,-2.0,2.0,-2.0,-2.0,1.0,1.0,0.0,-2.0,-2.0,0.0,-2.0,0,0
71,-2.0,-2.0,-2.0,-2.0,-2.0,-2.0,-2.0,-2.0,-2.0,-2.0,-2.0,-2.0,-2.0,-2.0,-2.0,0,0
72,1.0,0.7000000000000002,1.0,1.0,0.7000000000000002,-2.0,-2.0,-2.0,0.0,2.0,0.0,-2.0,-2.0,1.0,-2.0,1,1
73,1.0,0.0,1.0,1.0,-0.30000000000000004,0.0,-2.0,1.7000000000000002,1.0,0.0,0.2999999999999998,-2.0,-2.0,2.0,-2.0,1,1
74,2.0,-2.0,-2.0,-2.0,-2.0,2.0,-2.0,-2.0,2.0,2.0,-2.0,-2.0,-2.0,2.0,-2.0,0,0
75,1.0,1.0,2.0,-2.0,2.0,-2.0,-2.0,-2.0,1.0,1.2999999999999998,-2.0,-2.0,-2.0,-2.0,0.0,1,1
76,-2.0,-2.0,-2.0,-2.0,-2.0,2.0,-2.0,-2.0,-1.0,-2.0,-2.0,-2.0,-2.0,-2.0,-2.0,0,0
77,2.0,-2.0,-2.0,-2.0,-2.0,-2.0,-2.0,-2.0,2.0,1.0,-2.0,-2.0,-2.0,0.0,-2.0,0,0
78,-2.0,-2.0,-2.0,-2.0,-2.0,-2.0,-2.0,-2.0,-2.0,-2.0,-2.0,-2.0,-2.0,-2.0,-2.0,0,0
79,-2.0,-2.0,-2.0,0.7000000000000002,-2.0,-0.7,-2.0,-2.0,0.2999999999999998,1.0,-2.0,-2.0,-2.0,-2.0,-0.30000000000000004,0,0
80,2.0,1.7000000000000002,1.0,1.0,-2.0,-2.0,-2.0,-2.0,2.0,-2.0,0.2999999999999998,-2.0,-2.0,-2.0,-2.0,1,0
81,-2.0,-2.0,-2.0,-2.0,-2.0,-2.0,0.7000000000000002,-2.0,1.0,0.0,-2.0,-2.0,-2.0,0.0,0.0,0,0
82,-2.0,-2.0,-2.0,-2.0,-2.0,1.0,-2.0,-2.0,1.0,-1.0,-2.0,-2.0,-2.0,-2.0,-2.0,0,0
83,-2.0,-2.0,-2.0,-2.0,-2.0,-2.0,-2.0,-2.0,-2.0,-2.0,0.7000000000000002,-2.0,-2.0,-1.3,-2.0,0,0
84,2.0,2.0,-2.0,2.0,-2.0,2.0,-2.0,-2.0,2.0,2.0,2.0,-2.0,-2.0,2.0,-2.0,1,0
85,1.0,-2.0,-2.0,-2.0,-2.0,-2.0,-2.0,-2.0,0.0,-1.0,-1.0,-2.0,-2.0,0.0,-2.0,0,0
86,1.2999999999999998,2.0,1.7000000000000002,2.0,2.0,-2.0,-2.0,-2.0,1.7000000000000002,1.0,1.2999999999999998,-2.0,-2.0,-2.0,1.0,1,1
87,0.0,1.0,0.0,1.0,0.0,-2.0,-2.0,-2.0,-2.0,2.0,-2.0,0.0,-2.0,-2.0,1.0,1,1
88,-2.0,-2.0,-2.0,-2.0,-2.0,-2.0,-2.0,-2.0,-2.0,-2.0,-2.0,-2.0,-2.0,2.0,-2.0,0,0
89,0.0,-2.0,-2.0,-2.0,-2.0,0.0,1.7000000000000002,-2.0,0.0,1.0,-2.0,-2.0,-2.0,-1.0,-2.0,0,0
90,0.0,1.0,0.0,0.0,-1.3,-2.0,-2.0,-2.0,0.0,1.0,-2.0,-2.0,-2.0,-2.0,0.0,1,1
91,0.0,-2.0,-2.0,-2.0,-2.0,2.0,-2.0,-2.0,1.0,-1.0,-2.0,-2.0,-2.0,-2.0,-2.0,0,0
92,-2.0,1.0,0.0,0.7000000000000002,-2.0,-2.0,-2.0,-2.0,0.0,1.0,-2.0,-1.0,-1.0,-2.0,1.0,1,0
93,2.0,0.0,1.0,1.0,0.7000000000000002,1.2999999999999998,-2.0,-2.0,1.0,1.2999999999999998,2.0,-2.0,-2.0,2.0,-2.0,1,1
94,1.0,0.0,0.2999999999999998,0.0,-2.0,0.0,-2.0,-2.0,2.0,0.0,0.0,-2.0,-2.0,-0.7,-2.0,1,0
95,2.0,0.0,0.0,-1.0,-2.0,-2.0,-2.0,-2.0,1.0,1.2999999999999998,0.7000000000000002,-2.0,-2.0,0.2999999999999998,-2.0,1,0
96,-2.0,-2.0,-2.0,-2.0,-2.0,1.0,-2.0,-2.0,0.0,0.0,1.7000000000000002,-2.0,-2.0,0.0,-2.0,0,0
97,1.0,2.0,0.0,0.0,-1.0,-2.0,-2.0,0.7000000000000002,2.0,2.0,-2.0,-2.0,-2.0,2.0,-2.0,1,1
98,1.0,-0.30000000000000004,0.2999999999999998,0.2999999999999998,-2.0,1.2999999999999998,-2.0,-2.0,2.0,2.0,0.7000000000000002,-2.0,-2.0,1.0,-2.0,1,0
99,1.0,0.7000000000000002,1.7000000000000002,-2.0,1.0,-2.0,2.0,-2.0,1.0,2.0,-2.0,0.0,0.0,1.0,-2.0,1,1
100,-2.0,-2.0,-2.0,-2.0,-2.0,-2.0,-2.0,1.7000000000000002,0.0,-2.0,-2.0,-2.0,-2.0,-2.0,-2.0,0,0
101,1.0,-1.0,0.0,1.0,0.0,-2.0,-2.0,-2.0,1.0,2.0,0.0,-2.0,-2.0,-2.0,0.0,1,1
102,-2.0,0.0,1.2999999999999998,1.2999999999999998,0.7000000000000002,-2.0,-2.0,-2.0,-2.0,-2.0,0.0,-2.0,-2.0,-2.0,-2.0,1,1
103,2.0,-2.0,-2.0,-2.0,-2.0,-2.0,-2.0,-2.0,2.0,2.0,2.0,-2.0,2.0,-2.0,-2.0,0,0
104,1.0,0.0,0.0,0.0,-2.0,-2.0,-2.0,-2.0,1.7000000000000002,0.2999999999999998,-2.0,-2.0,-2.0,0.0,-2.0,1,0
105,-2.0,0.0,0.0,-2.0,-1.0,2.0,-2.0,-2.0,-2.0,1.0,2.0,-2.0,-2.0,-2.0,-2.0,0,1
106,-2.0,-2.0,-2.0,-2.0,-2.0,-2.0,-2.0,-2.0,-2.0,-2.0,-2.0,-2.0,-2.0,-2.0,-2.0,0,0
107,2.0,0.0,-1.0,0.7000000000000002,0.0,-2.0,-2.0,-2.0,1.0,2.0,-2.0,-2.0,-2.0,2.0,-2.0,1,1
108,1.0,-2.0,0.7000000000000002,1.0,-2.0,-2.0,-2.0,-2.0,2.0,2.0,-2.0,-2.0,-2.0,-2.0,0.0,1,0
109,0.0,-1.0,0.0,-2.0,-2.0,1.0,-2.0,-2.0,1.0,0.0,0.7000000000000002,-2.0,-2.0,0.0,-2.0,0,0
110,2.0,2.0,0.7000000000000002,2.0,1.2999999999999998,-2.0,-2.0,2.0,2.0,2.0,-2.0,-2.0,-2.0,-2.0,2.0,1,0
111,2.0,2.0,2.0,2.0,-0.30000000000000004,-2.0,-2.0,-2.0,2.0,1.0,-2.0,1.2999999999999998,-2.0,-2.0,1.0,1,1
112,-2.0,1.0,0.0,-0.7,-2.0,-2.0,-2.0,-2.0,-1.0,-2.0,-2.0,-2.0,-2.0,0.0,-2.0,0,0
113,-2.0,-2.0,-2.0,-2.0,-2.0,-2.0,-2.0,-2.0,-2.0,-2.0,-2.0,-2.0,-2.0,-2.0,-2.0,0,0
114,0.0,-2.0,-2.0,-2.0,-2.0,1.0,-2.0,-2.0,2.0,1.0,-2.0,-2.0,-2.0,-2.0,-2.0,0,0
115,-0.30000000000000004,1.0,2.0,-1.0,1.0,1.2999999999999998,-2.0,-2.0,1.0,0.0,0.0,-2.0,-2.0,-2.0,-2.0,1,1
116,0.0,-2.0,-2.0,-2.0,-2.0,-2.0,-2.0,-2.0,1.0,1.0,-2.0,-2.0,-2.0,1.2999999999999998,-2.0,0,0
117,0.0,1.0,1.2999999999999998,1.7000000000000002,0.0,-2.0,-2.0,-2.0,0.0,2.0,2.0,-2.0,-2.0,-2.0,-0.30000000000000004,1,1
118,1.0,1.0,0.7000000000000002,1.2999999999999998,-2.0,1.0,-2.0,-2.0,1.7000000000000002,0.0,1.7000000000000002,-2.0,-2.0,1.0,-2.0,1,0
119,-2.0,-2.0,-2.0,-2.0,-2.0,-2.0,-2.0,-2.0,-2.0,-2.0,-2.0,-2.0,-2.0,-2.0,-2.0,0,0
120,-2.0,-2.0,-2.0,-2.0,-2.0,-2.0,-2.0,-2.0,2.0,0.0,-2.0,1.0,1.0,-2.0,-2.0,0,0
121,1.0,0.0,1.2999999999999998,0.0,-0.30000000000000004,-2.0,-2.0,-2.0,0.0,1.0,-2.0,-2.0,-2.0,1.0,-2.0,1,1
122,1.0,2.0,2.0,2.0,1.0,-2.0,-2.0,-2.0,1.0,2.0,-2.0,1.0,1.0,-2.0,-2.0,1,1
123,1.7000000000000002,0.0,0.7000000000000002,1.0,-1.0,2.0,-2.0,-2.0,1.0,2.0,-2.0,-2.0,0.0,0.0,-2.0,1,1
124,0.0,-2.0,-1.0,-0.7,-2.0,-2.0,-2.0,1.7000000000000002,0.7000000000000002,0.0,1.0,-2.0,-2.0,-2.0,-0.30000000000000004,0,0
125,1.0,-2.0,-2.0,-2.0,-2.0,1.0,2.0,-2.0,2.0,1.7000000000000002,1.7000000000000002,-2.0,-2.0,-2.0,-2.0,0,0
126,2.0,1.0,1.0,0.7000000000000002,-0.30000000000000004,-2.0,-2.0,-2.0,1.0,2.0,-2.0,-2.0,-2.0,-2.0,-2.0,1,1
127,-2.0,0.0,1.0,1.0,1.0,-2.0,-2.0,-2.0,2.0,2.0,1.0,-2.0,-2.0,-2.0,-2.0,1,1
128,0.0,-2.0,-2.0,-2.0,-2.0,-2.0,-2.0,-2.0,2.0,1.0,-2.0,-2.0,-2.0,0.0,-2.0,0,0
129,-2.0,-2.0,-2.0,-2.0,-2.0,-2.0,-2.0,-2.0,-2.0,-2.0,-2.0,-2.0,-2.0,-2.0,-2.0,0,0
130,-2.0,-2.0,-2.0,-2.0,-2.0,1.0,-2.0,-2.0,0.0,-1.0,-2.0,-2.0,-2.0,-2.0,-2.0,0,0
131,1.7000000000000002,-0.30000000000000004,0.0,0.0,0.0,1.0,-2.0,-2.0,2.0,-2.0,0.0,-2.0,-2.0,0.0,-2.0,1,0
132,0.7000000000000002,-1.0,-0.30000000000000004,-0.30000000000000004,-1.3,-2.0,-2.0,-2.0,1.0,0.0,-2.0,0.0,0.0,-2.0,0.0,0,0
133,-2.0,-2.0,-2.0,-2.0,-2.0,-2.0,-2.0,-2.0,-2.0,-2.0,-2.0,-2.0,-2.0,-2.0,-2.0,0,0
134,0.0,-2.0,-1.0,-1.0,-2.0,-2.0,-2.0,-2.0,0.0,0.0,-2.0,-2.0,-2.0,0.0,-2.0,0,0
135,2.0,2.0,1.0,-2.0,1.0,-2.0,-2.0,-2.0,1.0,2.0,-2.0,-2.0,-2.0,0.0,-2.0,1,1
136,-1.0,0.0,0.0,0.0,-1.0,-2.0,-2.0,-2.0,-1.0,0.0,-2.0,-2.0,-2.0,2.0,-2.0,1,0
137,-0.7,2.0,-1.0,0.0,0.0,1.7000000000000002,-2.0,-2.0,1.0,-2.0,0.0,-2.0,-2.0,0.0,-2.0,1,1
138,1.0,1.0,1.7000000000000002,1.0,-1.0,-2.0,-2.0,-2.0,1.7000000000000002,1.0,2.0,-2.0,-2.0,-2.0,1.7000000000000002,1,1
139,1.0,-2.0,-2.0,-1.3,-2.0,0.0,-2.0,-2.0,2.0,1.0,-2.0,-2.0,-2.0,-2.0,-1.3,0,0
140,1.0,-2.0,-2.0,-0.7,-2.0,0.7000000000000002,-2.0,-2.0,-2.0,2.0,-2.0,-2.0,-2.0,0.0,-2.0,0,0
141,2.0,0.0,-1.0,0.0,-1.0,-2.0,-2.0,-2.0,0.0,1.0,1.0,-2.0,-2.0,0.0,-2.0,1,1
142,0.0,1.0,1.0,1.2999999999999998,1.7000000000000002,-2.0,-2.0,-2.0,2.0,2.0,-2.0,-2.0,-2.0,2.0,-2.0,1,1
143,-2.0,-2.0,-2.0,-2.0,-2.0,-2.0,-2.0,-2.0,-0.30000000000000004,-2.0,-2.0,-2.0,-2.0,-2.0,-2.0,0,0
144,1.0,-2.0,-2.0,-2.0,-2.0,0.2999999999999998,-2.0,-2.0,1.0,-0.30000000000000004,0.2999999999999998,-2.0,-2.0,1.0,-2.0,0,0
145,1.0,1.0,0.0,0.0,-1.0,1.2999999999999998,-2.0,-2.0,0.0,1.0,-2.0,0.0,-2.0,1.0,-2.0,1,1
146,1.0,-2.0,-2.0,-2.0,-2.0,-2.0,-2.0,-2.0,2.0,2.0,-2.0,0.0,0.0,-2.0,0.7000000000000002,0,0
147,-0.30000000000000004,2.0,2.0,2.0,2.0,2.0,-2.0,-2.0,1.0,2.0,0.0,-2.0,-2.0,-2.0,2.0,1,1
148,0.0,-1.0,-1.0,-0.30000000000000004,-1.0,1.0,-2.0,-2.0,0.0,0.0,-2.0,-2.0,-2.0,0.0,-2.0,0,1
149,1.0,1.0,-2.0,0.0,0.7000000000000002,-2.0,-2.0,-2.0,-2.0,-0.7,-2.0,-2.0,-2.0,-2.0,0.7000000000000002,0,1
150,2.0,-2.0,-2.0,-2.0,-2.0,2.0,-2.0,-2.0,2.0,2.0,-2.0,-2.0,-2.0,2.0,-2.0,0,0
151,1.0,1.0,2.0,1.0,0.0,2.0,-2.0,-2.0,1.0,1.0,-2.0,-2.0,-2.0,0.0,-2.0,1,1
152,2.0,1.0,0.7000000000000002,0.0,0.0,-2.0,-2.0,-2.0,0.0,0.0,0.0,-2.0,-2.0,1.0,-2.0,1,1
153,-0.30000000000000004,1.0,-2.0,-0.30000000000000004,-0.30000000000000004,0.2999999999999998,-2.0,-2.0,1.0,1.0,-2.0,-2.0,1.7000000000000002,0.2999999999999998,-2.0,1,1
154,0.0,-2.0,-2.0,-2.0,-2.0,1.0,-2.0,-2.0,0.0,2.0,-2.0,-2.0,-2.0,2.0,-2.0,0,0
155,2.0,2.0,-2.0,-2.0,-2.0,2.0,-2.0,-2.0,2.0,2.0,-2.0,2.0,2.0,2.0,-2.0,1,0
156,-2.0,-2.0,-2.0,-2.0,-2.0,-2.0,-2.0,-2.0,-2.0,-2.0,0.7000000000000002,-2.0,-2.0,-2.0,-2.0,0,0
157,0.0,0.0,0.0,0.7000000000000002,0.0,1.0,-2.0,-2.0,0.0,0.0,-2.0,0.0,0.0,0.0,-2.0,1,1
158,2.0,2.0,2.0,2.0,1.0,-2.0,-2.0,-2.0,-2.0,-2.0,2.0,2.0,2.0,-2.0,2.0,1,1
159,0.0,-1.0,-2.0,0.0,-2.0,1.0,-2.0,-2.0,0.0,1.0,1.2999999999999998,-2.0,-2.0,-2.0,-2.0,0,0
160,2.0,-2.0,2.0,2.0,2.0,-2.0,-2.0,-2.0,2.0,2.0,2.0,-2.0,-2.0,2.0,-2.0,1,1
161,-2.0,-2.0,-2.0,-2.0,-2.0,-2.0,-2.0,-2.0,-2.0,-2.0,0.0,-2.0,-2.0,-2.0,-2.0,0,0
162,2.0,1.0,-2.0,-2.0,-2.0,1.0,-2.0,-2.0,1.0,2.0,-2.0,0.0,0.0,1.0,-2.0,1,0
163,0.7000000000000002,-2.0,-2.0,0.2999999999999998,-2.0,-2.0,-2.0,-2.0,0.0,2.0,-2.0,0.0,0.0,-1.0,0.2999999999999998,0,0
164,-2.0,-1.0,0.7000000000000002,0.0,-0.7,-2.0,-2.0,-2.0,1.0,1.0,-2.0,0.2999999999999998,-2.0,0.7000000000000002,-2.0,1,1
165,0.0,1.0,-1.0,-1.0,-1.0,1.0,-2.0,-2.0,0.0,1.0,-2.0,-2.0,-2.0,-2.0,-2.0,0,1
166,0.0,0.0,0.2999999999999998,0.2999999999999998,0.7000000000000002,-2.0,-2.0,-2.0,1.0,1.7000000000000002,-2.0,-2.0,-2.0,1.0,-2.0,1,1
167,2.0,-1.0,-2.0,-2.0,-2.0,1.2999999999999998,-2.0,1.0,1.0,1.0,0.0,-2.0,-2.0,1.0,-2.0,0,0
168,-2.0,-2.0,0.0,0.0,-2.0,1.0,-2.0,-2.0,1.0,1.0,0.7000000000000002,-2.0,-2.0,-2.0,-0.30000000000000004,0,0
169,0.0,-2.0,-2.0,-2.0,-2.0,1.0,-2.0,-2.0,0.0,0.0,0.7000000000000002,-2.0,-2.0,1.0,-2.0,0,0
170,2.0,1.0,0.7000000000000002,-2.0,1.0,-2.0,-2.0,-2.0,1.0,2.0,-2.0,-2.0,0.0,1.0,-2.0,1,1
171,0.0,0.0,-0.30000000000000004,1.0,-0.30000000000000004,-2.0,-2.0,-2.0,-1.0,-0.7,0.0,-2.0,-2.0,-2.0,-2.0,1,1
172,-2.0,-2.0,-2.0,-2.0,-2.0,-2.0,-2.0,-2.0,-2.0,-2.0,-2.0,-2.0,-2.0,-2.0,-2.0,0,0
173,1.0,-2.0,-2.0,-0.7,-2.0,1.0,-2.0,-2.0,1.0,0.0,-2.0,-2.0,-2.0,0.0,-2.0,0,0
174,2.0,2.0,2.0,-2.0,-2.0,2.0,-2.0,-2.0,2.0,2.0,2.0,2.0,-2.0,2.0,-2.0,1,0
175,-2.0,-2.0,-2.0,-2.0,-2.0,-2.0,-2.0,-2.0,-2.0,-2.0,-2.0,-2.0,-2.0,-2.0,-2.0,0,0
176,-2.0,-2.0,-2.0,-2.0,-2.0,0.0,-2.0,-2.0,0.0,-2.0,-2.0,-2.0,-2.0,0.0,-2.0,0,0
177,2.0,2.0,2.0,2.0,-1.0,1.0,-2.0,-2.0,1.0,1.0,-2.0,-2.0,-2.0,1.0,-2.0,1,1
178,0.0,-0.30000000000000004,0.0,-2.0,-2.0,1.2999999999999998,-2.0,-2.0,0.0,-2.0,-0.7,0.7000000000000002,-2.0,-2.0,-2.0,0,0
179,2.0,-2.0,-2.0,-2.0,-2.0,1.7000000000000002,-2.0,-2.0,-2.0,2.0,-2.0,-2.0,-2.0,-2.0,-2.0,0,0
180,1.0,-2.0,-2.0,-2.0,-2.0,-2.0,-2.0,-2.0,1.0,1.0,2.0,-2.0,2.0,2.0,-2.0,0,0
181,-2.0,-2.0,-2.0,-2.0,-2.0,0.7000000000000002,-2.0,-2.0,1.0,-2.0,-2.0,-2.0,-2.0,-2.0,-0.30000000000000004,0,0
182,1.0,-1.0,-2.0,-2.0,-2.0,-2.0,-2.0,-2.0,0.0,0.0,-2.0,-2.0,-2.0,1.2999999999999998,-2.0,0,0
183,1.0,1.0,0.7000000000000002,1.2999999999999998,2.0,2.0,-2.0,-2.0,2.0,1.0,-2.0,0.0,0.0,-2.0,1.2999999999999998,1,1
184,2.0,2.0,0.0,2.0,1.2999999999999998,1.0,-2.0,-2.0,1.0,2.0,-2.0,-1.0,-1.0,0.0,-2.0,1,0
185,2.0,-2.0,-2.0,-2.0,-2.0,1.2999999999999998,-2.0,-2.0,2.0,1.0,2.0,-2.0,2.0,-2.0,-2.0,0,0
186,0.7000000000000002,-2.0,-2.0,-2.0,-2.0,1.0,-2.0,-2.0,1.0,1.0,2.0,-2.0,-2.0,1.0,-2.0,0,0
187,-2.0,-2.0,-2.0,-2.0,-2.0,-2.0,-2.0,0.2999999999999998,2.0,1.0,-2.0,-2.0,-2.0,2.0,-2.0,0,0
188,2.0,-2.0,-2.0,-2.0,-2.0,2.0,-2.0,-2.0,2.0,1.0,1.0,-2.0,-2.0,0.0,-2.0,0,0
189,-2.0,-2.0,-1.0,-2.0,-2.0,-2.0,-2.0,-2.0,0.0,0.0,0.0,-2.0,-2.0,-2.0,1.7000000000000002,0,0
190,2.0,1.0,0.2999999999999998,-2.0,-1.0,-2.0,-2.0,-2.0,-2.0,1.0,2.0,-2.0,-2.0,-2.0,-2.0,1,1
191,-0.7,-0.7,0.0,0.0,-2.0,-2.0,-2.0,-2.0,-1.0,-0.30000000000000004,0.7000000000000002,-2.0,-2.0,-2.0,0.0,0,0
192,-1.0,-2.0,-2.0,-2.0,-2.0,-2.0,-2.0,-2.0,0.0,-0.30000000000000004,-2.0,-2.0,-2.0,2.0,-2.0,0,0
193,-2.0,-2.0,-2.0,-2.0,-2.0,-2.0,-2.0,-2.0,-2.0,-2.0,-2.0,-2.0,-2.0,-0.7,-2.0,0,0
194,-2.0,-2.0,-1.0,-1.0,-2.0,-2.0,-2.0,-2.0,1.0,2.0,0.0,-1.0,-1.0,1.0,-2.0,0,0
195,2.0,0.0,0.0,0.0,-1.3,1.0,-2.0,-2.0,2.0,1.0,-2.0,-2.0,-2.0,0.0,-2.0,1,1
196,2.0,1.0,0.0,1.0,-2.0,1.0,-2.0,-2.0,1.0,1.0,2.0,-2.0,-2.0,2.0,-2.0,1,0
197,-2.0,-2.0,-2.0,-2.0,-2.0,-2.0,-2.0,-2.0,-2.0,-2.0,1.0,-2.0,-2.0,-2.0,-2.0,0,0
198,1.0,-2.0,-2.0,-2.0,-2.0,-2.0,-2.0,-2.0,0.0,-2.0,-2.0,-2.0,-2.0,-2.0,-2.0,0,0
199,0.0,-2.0,-2.0,-2.0,-2.0,1.0,-2.0,-2.0,-2.0,0.0,1.2999999999999998,-2.0,-2.0,0.0,-2.0,0,0
200,1.0,1.0,0.0,0.0,0.2999999999999998,-2.0,-2.0,1.2999999999999998,1.0,1.2999999999999998,0.7000000000000002,-2.0,-2.0,-2.0,-0.7,1,0
201,0.0,-2.0,-2.0,-1.3,-2.0,1.2999999999999998,-2.0,-2.0,0.2999999999999998,-2.0,0.7000000000000002,-2.0,-2.0,0.0,-2.0,0,0
202,-2.0,-2.0,-2.0,1.0,-0.30000000000000004,-2.0,-2.0,1.0,0.2999999999999998,2.0,-2.0,1.0,-2.0,1.0,-2.0,0,1
203,-1.0,-2.0,-0.7,-2.0,-2.0,-2.0,-2.0,-2.0,2.0,0.0,1.0,0.0,0.0,-2.0,-2.0,0,0
204,2.0,2.0,2.0,2.0,1.0,2.0,-2.0,-2.0,-2.0,2.0,1.0,-2.0,1.0,2.0,-2.0,1,1
205,2.0,-2.0,-2.0,-2.0,-2.0,0.0,-2.0,-2.0,0.7000000000000002,1.0,-1.0,-2.0,-2.0,0.0,-2.0,0,0
206,-1.0,0.0,-2.0,0.7000000000000002,-0.7,-2.0,-2.0,-2.0,-2.0,-2.0,2.0,-2.0,-2.0,-2.0,0.0,0,1
207,1.0,0.0,0.7000000000000002,1.0,0.0,-2.0,-2.0,-2.0,1.0,-0.7,0.0,-2.0,-2.0,1.0,-2.0,1,1
208,-2.0,-2.0,-2.0,-2.0,-2.0,1.0,-2.0,-2.0,1.0,1.0,-2.0,-2.0,-2.0,1.0,-2.0,0,0
209,1.7000000000000002,-2.0,0.7000000000000002,0.7000000000000002,-2.0,2.0,-2.0,-2.0,2.0,1.0,1.2999999999999998,-2.0,-2.0,-2.0,1.0,1,0
210,2.0,-2.0,-2.0,-2.0,-2.0,-2.0,-2.0,-2.0,2.0,2.0,2.0,-2.0,-2.0,0.0,-2.0,0,0
211,-2.0,-2.0,-2.0,-2.0,-2.0,-2.0,-2.0,-2.0,-1.0,-2.0,-2.0,-2.0,-2.0,-2.0,-2.0,0,0
212,0.0,1.0,0.0,0.0,-0.30000000000000004,-2.0,-2.0,-2.0,2.0,1.0,-2.0,-2.0,-2.0,1.0,-2.0,1,1
213,-2.0,0.0,0.7000000000000002,0.0,-0.30000000000000004,1.0,-2.0,-2.0,-0.7,0.7000000000000002,-2.0,-2.0,-2.0,0.0,-2.0,1,1
214,0.0,0.0,0.0,-0.7,0.0,0.0,-2.0,-2.0,0.0,1.0,-2.0,-2.0,-2.0,0.2999999999999998,-2.0,1,0
215,0.0,1.0,1.0,-0.30000000000000004,-2.0,0.0,-2.0,-2.0,2.0,0.0,-2.0,1.0,1.0,2.0,-2.0,1,0
216,1.0,0.0,0.0,0.0,-0.30000000000000004,-2.0,-2.0,0.7000000000000002,0.0,0.0,0.7000000000000002,-2.0,-2.0,0.0,-2.0,1,1
217,2.0,-2.0,-2.0,-2.0,-2.0,2.0,-2.0,-2.0,2.0,2.0,-2.0,-2.0,-2.0,2.0,-2.0,0,0
218,1.0,2.0,2.0,1.7000000000000002,2.0,2.0,-2.0,-2.0,1.7000000000000002,1.0,1.7000000000000002,-2.0,-2.0,1.0,-2.0,1,1
219,1.0,2.0,2.0,2.0,2.0,-2.0,-2.0,-2.0,2.0,2.0,-2.0,-2.0,-2.0,-2.0,2.0,1,0
220,1.0,-1.0,1.0,1.2999999999999998,0.0,1.0,-2.0,-2.0,1.7000000000000002,2.0,-2.0,2.0,-2.0,0.0,-2.0,1,1
221,1.0,1.0,1.2999999999999998,1.0,1.7000000000000002,2.0,-2.0,-2.0,2.0,2.0,1.0,-2.0,-2.0,1.0,-2.0,1,1
222,-2.0,0.0,-2.0,-2.0,-2.0,1.0,-2.0,-2.0,1.0,1.0,1.0,-2.0,-2.0,-2.0,0.2999999999999998,0,0
223,-2.0,-2.0,-2.0,-2.0,-2.0,-2.0,-2.0,-2.0,0.0,-2.0,-2.0,-2.0,-2.0,-2.0,-2.0,0,0
224,-0.30000000000000004,-1.0,-0.7,-1.0,-2.0,-2.0,-2.0,-2.0,0.0,-1.0,-2.0,-2.0,-2.0,1.2999999999999998,-2.0,0,0
225,0.0,-2.0,1.0,1.0,-2.0,-2.0,-2.0,-2.0,0.0,0.0,-2.0,1.0,1.0,-2.0,-2.0,0,0
226,-2.0,1.0,-2.0,-2.0,-2.0,-2.0,-2.0,2.0,2.0,2.0,-2.0,-2.0,-2.0,2.0,-2.0,0,0
227,0.0,-2.0,-2.0,-2.0,-2.0,0.0,-2.0,-2.0,1.0,1.0,-2.0,-2.0,-2.0,0.0,-2.0,0,0
228,-2.0,2.0,2.0,-2.0,-2.0,-2.0,-2.0,-2.0,1.7000000000000002,2.0,2.0,-2.0,-2.0,2.0,-2.0,1,0
229,2.0,0.0,0.0,0.0,1.0,-2.0,-2.0,-2.0,1.0,0.0,0.0,-2.0,-2.0,2.0,-2.0,1,1
230,1.0,0.0,-1.0,0.7000000000000002,0.0,2.0,-2.0,-2.0,1.0,0.0,0.0,-2.0,-2.0,1.0,-2.0,1,1
231,-2.0,-2.0,0.0,-2.0,-2.0,-2.0,-2.0,-2.0,0.0,-1.0,2.0,-2.0,-2.0,0.0,-2.0,0,0
232,2.0,-2.0,-1.3,0.7000000000000002,-2.0,1.0,-2.0,-2.0,0.0,0.0,0.0,-2.0,-2.0,1.2999999999999998,-2.0,0,0
233,0.0,-0.7,0.0,-1.0,-2.0,1.0,-2.0,-2.0,0.0,-0.30000000000000004,2.0,-2.0,-2.0,-0.7,0.0,0,0
234,0.0,2.0,2.0,1.2999999999999998,2.0,-2.0,-2.0,1.0,1.0,0.0,2.0,-2.0,-2.0,1.0,-2.0,1,1
235,-2.0,-2.0,-2.0,-2.0,-2.0,-2.0,-2.0,-2.0,-2.0,-2.0,-2.0,-2.0,-2.0,-2.0,-2.0,0,0
236,0.0,0.0,1.0,-2.0,0.0,1.0,-2.0,-2.0,0.0,0.0,2.0,-2.0,-2.0,1.0,-2.0,1,1
237,1.0,-1.0,0.0,0.0,-0.30000000000000004,1.0,-2.0,-2.0,1.0,1.0,-2.0,-2.0,-2.0,-2.0,0.0,1,0
238,1.7000000000000002,0.0,0.2999999999999998,-1.0,0.2999999999999998,-2.0,-2.0,-2.0,1.0,1.0,1.0,-2.0,-2.0,0.0,-2.0,1,0
239,1.0,0.0,0.7000000000000002,1.2999999999999998,-0.30000000000000004,2.0,-2.0,-2.0,1.0,2.0,-2.0,0.0,0.0,-2.0,0.7000000000000002,1,1
240,-2.0,-2.0,-2.0,-2.0,-2.0,-2.0,-2.0,-2.0,-2.0,-2.0,-2.0,-2.0,-2.0,-2.0,-2.0,0,0
241,-1.3,0.0,0.0,0.0,-0.30000000000000004,-2.0,-2.0,0.2999999999999998,0.0,0.2999999999999998,0.0,-2.0,-2.0,0.0,-2.0,1,1
242,2.0,2.0,2.0,1.0,0.7000000000000002,2.0,-2.0,-2.0,2.0,2.0,2.0,-2.0,-2.0,2.0,-2.0,1,1
243,-2.0,-2.0,-2.0,-2.0,-2.0,-2.0,-2.0,-2.0,-2.0,-2.0,-2.0,-2.0,-2.0,-2.0,-2.0,0,0
244,-2.0,-2.0,-2.0,-2.0,-2.0,-2.0,-2.0,-2.0,1.2999999999999998,-2.0,-2.0,-2.0,-2.0,2.0,-2.0,0,0
245,0.0,0.0,0.0,0.0,1.0,0.0,-2.0,-2.0,0.0,0.0,2.0,-2.0,-2.0,0.0,-2.0,1,1
246,-2.0,-2.0,-2.0,-2.0,-2.0,1.2999999999999998,-2.0,-2.0,0.2999999999999998,-2.0,1.0,-2.0,-2.0,-2.0,-2.0,0,0
247,0.0,1.0,1.0,0.2999999999999998,0.0,0.0,-2.0,-2.0,2.0,1.0,-2.0,-2.0,-2.0,0.0,-2.0,1,1
248,-2.0,1.0,1.7000000000000002,0.0,0.0,1.0,-2.0,-2.0,0.0,0.0,-2.0,-2.0,-2.0,2.0,-2.0,1,1
249,2.0,-2.0,-2.0,-2.0,-2.0,-2.0,-2.0,-2.0,-2.0,2.0,-2.0,-2.0,-2.0,-2.0,-2.0,0,0
250,1.0,1.0,1.2999999999999998,1.2999999999999998,2.0,1.0,-2.0,-2.0,2.0,1.0,-2.0,1.0,1.0,2.0,-2.0,1,1
251,2.0,1.0,1.7000000000000002,1.0,0.7000000000000002,-2.0,-2.0,-2.0,-2.0,2.0,-2.0,-2.0,-2.0,2.0,-2.0,1,1
252,1.0,-2.0,0.0,-1.0,-2.0,-2.0,-2.0,-2.0,2.0,2.0,-2.0,-2.0,-2.0,-2.0,-2.0,0,0
253,-2.0,-2.0,-2.0,-2.0,-2.0,2.0,-2.0,-2.0,-2.0,-2.0,-2.0,-2.0,-2.0,2.0,-2.0,0,0
254,0.7000000000000002,-2.0,1.0,0.0,-2.0,-2.0,-2.0,-2.0,1.0,2.0,-2.0,-2.0,-2.0,-2.0,0.0,0,0
255,0.0,-2.0,-2.0,-2.0,-2.0,-2.0,-2.0,-2.0,1.0,1.0,-2.0,1.0,1.0,0.0,-2.0,0,0
256,0.0,2.0,1.0,1.2999999999999998,0.2999999999999998,2.0,-2.0,-2.0,0.0,0.0,2.0,-2.0,-2.0,-2.0,2.0,1,0
257,1.0,-2.0,-0.30000000000000004,-2.0,-2.0,-2.0,-2.0,-2.0,1.0,1.0,-2.0,0.0,-2.0,-2.0,1.0,0,0
258,1.0,2.0,1.2999999999999998,0.0,-0.30000000000000004,0.0,-2.0,-2.0,1.0,0.0,-2.0,0.0,0.0,2.0,-2.0,1,1
259,1.0,-2.0,0.0,-0.7,-2.0,-2.0,-2.0,-2.0,1.0,0.0,0.0,-2.0,-2.0,-2.0,-2.0,0,0
260,0.0,2.0,2.0,0.7000000000000002,1.2999999999999998,-2.0,1.7000000000000002,-2.0,0.0,1.0,2.0,1.0,1.0,0.0,-2.0,1,1
261,0.0,-1.0,-1.0,-0.7,-2.0,-2.0,2.0,-2.0,0.0,-1.0,1.0,-2.0,-2.0,0.0,-2.0,0,0
262,2.0,0.0,0.0,-2.0,-2.0,1.0,-2.0,-2.0,2.0,2.0,0.0,2.0,0.0,0.0,-2.0,1,0
263,-2.0,-2.0,-2.0,0.0,-2.0,-2.0,0.2999999999999998,-2.0,0.0,1.0,-2.0,-2.0,-2.0,-2.0,-2.0,0,0
264,1.0,-2.0,-0.30000000000000004,-2.0,-2.0,1.0,-2.0,-2.0,2.0,-1.0,-2.0,-2.0,-2.0,0.7000000000000002,-2.0,0,0
265,0.0,0.0,2.0,0.7000000000000002,-0.30000000000000004,0.2999999999999998,-2.0,-2.0,2.0,2.0,1.0,-2.0,-2.0,2.0,-2.0,1,1
266,-2.0,-2.0,-2.0,-2.0,-2.0,-2.0,-2.0,-2.0,-2.0,-2.0,-2.0,-2.0,-2.0,-2.0,-2.0,0,0
267,1.0,-2.0,-2.0,-2.0,-2.0,1.7000000000000002,-2.0,-2.0,-2.0,0.7000000000000002,2.0,-2.0,-2.0,-2.0,-2.0,0,0
268,-2.0,-2.0,-2.0,-2.0,-2.0,-2.0,-2.0,-2.0,-2.0,-2.0,2.0,-2.0,-2.0,-2.0,-2.0,0,0
269,2.0,2.0,1.2999999999999998,0.0,1.0,1.0,-2.0,-2.0,2.0,2.0,-2.0,1.0,-2.0,1.0,-2.0,1,1
270,-1.0,1.0,2.0,0.7000000000000002,2.0,-2.0,-2.0,-2.0,0.7000000000000002,2.0,2.0,-2.0,-2.0,-2.0,-0.30000000000000004,1,1
271,0.2999999999999998,-2.0,-2.0,-2.0,-2.0,0.7000000000000002,-2.0,-2.0,0.7000000000000002,0.2999999999999998,1.2999999999999998,-2.0,-2.0,1.0,-2.0,0,0
272,2.0,2.0,2.0,2.0,2.0,-2.0,2.0,-2.0,2.0,2.0,2.0,-2.0,-2.0,2.0,-2.0,1,1
273,-2.0,-2.0,-2.0,-2.0,-2.0,-2.0,-2.0,-2.0,2.0,2.0,-2.0,-2.0,-2.0,1.0,-2.0,0,0
274,0.0,0.0,0.7000000000000002,0.0,-2.0,-2.0,-2.0,-2.0,-2.0,-2.0,0.0,-2.0,-2.0,-2.0,2.0,0,0
275,2.0,2.0,1.7000000000000002,1.0,1.0,2.0,-2.0,-2.0,0.0,1.0,-2.0,0.0,0.0,0.0,-2.0,1,1
276,2.0,2.0,1.0,0.7000000000000002,2.0,-2.0,-2.0,-2.0,1.7000000000000002,-1.3,-2.0,-2.0,-2.0,2.0,-2.0,1,1
277,2.0,-1.0,1.0,-2.0,0.0,0.0,-2.0,-2.0,1.0,1.0,-1.0,-2.0,-2.0,2.0,-2.0,1,1
278,0.7000000000000002,1.0,2.0,-0.30000000000000004,-0.30000000000000004,1.7000000000000002,-2.0,-2.0,1.0,1.0,1.0,-2.0,-2.0,-2.0,0.2999999999999998,1,1
279,0.0,0.0,0.0,0.2999999999999998,-2.0,-2.0,-2.0,-2.0,1.0,1.0,0.0,-2.0,-2.0,-0.30000000000000004,-2.0,1,1
280,0.0,-2.0,-2.0,0.7000000000000002,-2.0,-2.0,1.7000000000000002,-2.0,2.0,1.0,0.0,-2.0,-2.0,2.0,-2.0,0,0
281,2.0,0.2999999999999998,0.2999999999999998,1.0,0.0,-2.0,-2.0,-2.0,0.0,2.0,-2.0,0.0,-2.0,2.0,-2.0,1,1
282,1.0,0.0,0.2999999999999998,0.7000000000000002,0.7000000000000002,-2.0,-2.0,-2.0,0.7000000000000002,0.0,-2.0,-2.0,-2.0,-2.0,0.7000000000000002,1,1
283,-1.0,-2.0,-2.0,-2.0,-2.0,-2.0,-2.0,-2.0,-2.0,-2.0,-2.0,-2.0,-2.0,1.2999999999999998,-2.0,0,0
284,-2.0,-2.0,0.0,1.0,-2.0,0.2999999999999998,-2.0,-2.0,2.0,1.0,-2.0,2.0,2.0,-2.0,-2.0,0,0
285,0.0,-2.0,-2.0,-2.0,-2.0,1.0,-2.0,-2.0,0.0,2.0,-2.0,-2.0,-2.0,0.0,-2.0,0,0
286,0.0,-2.0,-1.3,0.0,-2.0,-2.0,-2.0,0.0,2.0,0.0,1.0,0.0,0.0,-2.0,-1.3,0,0
287,0.0,0.0,0.2999999999999998,-1.3,-1.0,-2.0,-2.0,-2.0,1.0,1.0,0.0,-2.0,-2.0,0.2999999999999998,-2.0,1,1
288,-2.0,-2.0,-2.0,-2.0,-2.0,-2.0,-2.0,-2.0,-2.0,-2.0,-2.0,-2.0,-2.0,-2.0,-2.0,0,0
289,-2.0,-2.0,-2.0,-2.0,-2.0,-2.0,-2.0,-2.0,-2.0,-2.0,-2.0,-2.0,-2.0,-2.0,-2.0,0,0
290,2.0,0.0,1.0,2.0,-2.0,-2.0,-2.0,2.0,2.0,2.0,1.2999999999999998,-2.0,-2.0,2.0,-2.0,1,0
291,1.0,-2.0,-2.0,-2.0,-2.0,-2.0,-2.0,-2.0,1.0,0.0,-2.0,-2.0,-2.0,-2.0,-2.0,0,0
292,2.0,2.0,2.0,1.0,1.0,1.0,-2.0,-2.0,1.0,2.0,1.0,-2.0,-2.0,2.0,-2.0,1,1
293,-2.0,-2.0,-2.0,-0.30000000000000004,-2.0,-2.0,-2.0,-2.0,1.0,2.0,-2.0,2.0,-2.0,2.0,-2.0,0,0
294,0.0,0.0,0.0,-0.30000000000000004,-0.30000000000000004,-2.0,-2.0,-2.0,0.0,0.0,-2.0,-2.0,0.0,1.0,-2.0,1,1
295,1.0,0.0,0.2999999999999998,-0.7,1.0,-2.0,-2.0,-2.0,1.0,1.0,-2.0,-2.0,-2.0,1.0,-2.0,1,1
296,-1.0,0.0,-2.0,0.0,1.0,-2.0,-2.0,-2.0,-0.30000000000000004,1.0,-2.0,0.2999999999999998,-2.0,-2.0,0.0,0,1
297,0.7000000000000002,0.7000000000000002,0.0,0.0,-2.0,-2.0,-2.0,-2.0,0.2999999999999998,0.0,0.7000000000000002,-2.0,-2.0,-2.0,-2.0,1,0
298,0.0,0.0,-1.0,-0.30000000000000004,-1.3,-2.0,-2.0,-2.0,1.0,0.0,0.0,-2.0,-2.0,1.0,-2.0,0,0
299,0.0,1.0,0.0,0.2999999999999998,0.0,-1.0,-2.0,-2.0,2.0,0.0,2.0,-2.0,-2.0,0.0,-2.0,1,0
300,0.2999999999999998,-2.0,0.2999999999999998,-2.0,-2.0,-2.0,-2.0,-2.0,0.0,1.0,2.0,-2.0,-2.0,1.0,-2.0,0,0
301,-1.0,0.0,0.7000000000000002,-2.0,-0.7,-2.0,-2.0,-2.0,0.7000000000000002,-1.3,-2.0,-2.0,-2.0,0.7000000000000002,-2.0,0,1
302,1.0,-2.0,-2.0,-2.0,-2.0,-2.0,-2.0,-2.0,1.0,0.0,-2.0,-2.0,-2.0,2.0,-2.0,0,0
303,2.0,-2.0,-2.0,-2.0,-2.0,2.0,-2.0,-2.0,1.0,2.0,2.0,-2.0,-2.0,-2.0,1.0,0,0
304,2.0,1.0,2.0,1.0,0.7000000000000002,1.0,-2.0,-2.0,0.0,1.0,-2.0,1.0,1.0,0.0,-2.0,1,0
305,-2.0,1.0,-0.30000000000000004,1.0,0.0,-2.0,-2.0,-2.0,-2.0,-2.0,0.0,-2.0,-2.0,-2.0,0.2999999999999998,0,1
306,2.0,2.0,-2.0,1.7000000000000002,2.0,-2.0,-2.0,-2.0,2.0,2.0,2.0,-2.0,-2.0,2.0,-2.0,1,1
307,2.0,1.0,0.0,0.2999999999999998,0.2999999999999998,1.0,-2.0,-2.0,1.0,1.0,-2.0,1.0,1.0,1.2999999999999998,-2.0,1,1
308,-2.0,-2.0,0.0,0.2999999999999998,-2.0,-2.0,-2.0,-2.0,2.0,0.0,-2.0,1.0,1.0,1.0,-2.0,0,0
309,-2.0,-2.0,-2.0,-2.0,-2.0,-2.0,-2.0,-2.0,2.0,2.0,-2.0,2.0,-2.0,2.0,-2.0,0,0
310,2.0,-2.0,-2.0,-2.0,-2.0,1.7000000000000002,-2.0,-2.0,2.0,1.0,-2.0,-2.0,-2.0,-2.0,1.0,0,0
311,-2.0,-2.0,-2.0,-2.0,-2.0,-2.0,-2.0,-2.0,2.0,2.0,-2.0,2.0,-2.0,2.0,-2.0,0,0
312,1.0,-2.0,0.0,-2.0,-2.0,1.7000000000000002,-2.0,-2.0,2.0,2.0,-2.0,-2.0,-2.0,-2.0,-2.0,0,0
313,2.0,2.0,2.0,1.0,0.0,-2.0,-2.0,-2.0,2.0,2.0,-2.0,-2.0,-2.0,2.0,-2.0,1,1
314,2.0,0.0,0.7000000000000002,-1.0,-1.3,-2.0,-2.0,-2.0,1.0,0.0,1.0,-2.0,-2.0,0.0,-2.0,1,1
315,-2.0,-2.0,-2.0,-1.3,-2.0,1.0,-2.0,-2.0,0.0,0.0,0.2999999999999998,-2.0,-2.0,0.0,-2.0,0,0
316,1.2999999999999998,0.0,1.0,1.0,0.2999999999999998,-2.0,-2.0,-2.0,0.0,2.0,-2.0,-1.0,-1.0,0.0,-2.0,1,1
317,-2.0,-2.0,-2.0,-2.0,-2.0,-2.0,-2.0,-2.0,-2.0,-2.0,-2.0,-2.0,-2.0,0.0,-2.0,0,0
318,2.0,-1.0,-2.0,1.7000000000000002,1.0,-2.0,-2.0,-2.0,2.0,2.0,-2.0,2.0,2.0,2.0,-2.0,1,1
319,0.0,-2.0,0.7000000000000002,-2.0,0.0,-2.0,-2.0,-2.0,0.0,2.0,1.7000000000000002,-2.0,-2.0,-2.0,1.0,0,1
320,0.2999999999999998,0.0,0.0,1.0,0.0,-2.0,-2.0,-2.0,0.2999999999999998,2.0,0.0,-2.0,-2.0,0.0,-2.0,1,1
321,1.0,0.0,1.0,0.0,1.0,-2.0,-2.0,-2.0,2.0,1.0,1.2999999999999998,-2.0,-2.0,1.0,-2.0,1,0
322,-2.0,-2.0,-2.0,-2.0,-2.0,-1.3,-2.0,-2.0,-1.0,0.2999999999999998,0.7000000000000002,-2.0,-2.0,1.2999999999999998,-2.0,0,0
323,1.0,0.0,0.0,2.0,-0.30000000000000004,-2.0,-2.0,1.0,0.2999999999999998,0.2999999999999998,0.0,-2.0,-2.0,1.0,-2.0,1,1
324,1.0,1.0,-2.0,1.0,-0.30000000000000004,-2.0,-2.0,-2.0,0.0,1.2999999999999998,-2.0,1.0,1.0,1.0,-2.0,1,1
325,1.0,-2.0,-2.0,-2.0,-2.0,-2.0,-2.0,-2.0,0.0,1.2999999999999998,-2.0,-2.0,-2.0,0.0,-2.0,0,0
326,2.0,0.0,0.0,0.0,-2.0,-2.0,-2.0,-2.0,0.0,0.0,-1.0,-2.0,-2.0,0.0,-2.0,1,0
327,-2.0,-2.0,-2.0,-2.0,-2.0,-2.0,-2.0,-2.0,1.0,-2.0,-2.0,-2.0,-2.0,-2.0,-2.0,0,0
328,-2.0,-2.0,-2.0,-2.0,-2.0,-2.0,-2.0,-2.0,-2.0,-2.0,1.0,-2.0,-2.0,-2.0,-2.0,0,0
329,-2.0,-2.0,0.2999999999999998,-2.0,-2.0,2.0,-2.0,-2.0,1.0,2.0,-2.0,-2.0,-2.0,0.0,-2.0,0,0
330,-2.0,-2.0,-2.0,-2.0,-2.0,-2.0,-2.0,-2.0,-2.0,-2.0,-2.0,-2.0,-2.0,-2.0,-2.0,0,0
331,1.0,-2.0,-2.0,-2.0,-2.0,1.0,-2.0,-2.0,1.0,1.0,2.0,-2.0,-2.0,2.0,-2.0,0,0
332,-2.0,1.0,2.0,0.7000000000000002,-2.0,1.0,-2.0,-2.0,1.0,1.0,2.0,-2.0,2.0,2.0,-2.0,1,0
333,-2.0,-2.0,-2.0,-2.0,-2.0,-2.0,-2.0,-2.0,-2.0,-2.0,-2.0,-2.0,0.0,-2.0,-2.0,0,0
334,1.0,0.0,1.0,-0.30000000000000004,-0.30000000000000004,-2.0,-2.0,-2.0,0.2999999999999998,1.0,2.0,-2.0,-2.0,0.7000000000000002,-2.0,1,1
335,0.0,1.0,1.7000000000000002,-2.0,1.0,-2.0,-2.0,-2.0,1.0,1.0,2.0,-2.0,-2.0,0.0,-2.0,1,1
336,0.0,-1.0,1.2999999999999998,-0.7,1.0,1.2999999999999998,-2.0,-2.0,0.0,0.0,-2.0,2.0,2.0,2.0,-2.0,1,1
337,1.0,1.0,-2.0,0.2999999999999998,-0.30000000000000004,2.0,-2.0,-2.0,1.2999999999999998,1.7000000000000002,2.0,-2.0,-2.0,1.2999999999999998,-2.0,1,0
338,0.0,-2.0,-2.0,-2.0,-2.0,-2.0,-2.0,-2.0,2.0,1.0,1.7000000000000002,0.0,0.0,-2.0,0.7000000000000002,0,0
339,-2.0,-2.0,0.0,-2.0,-2.0,-2.0,-2.0,-2.0,-1.0,0.0,-2.0,-2.0,-2.0,-2.0,2.0,0,0
340,1.0,-0.30000000000000004,0.0,-0.30000000000000004,-0.30000000000000004,-2.0,1.2999999999999998,-2.0,1.0,0.0,-2.0,-2.0,-2.0,1.0,-2.0,1,0
341,2.0,1.0,1.0,1.2999999999999998,0.2999999999999998,-2.0,-2.0,-2.0,2.0,1.0,-2.0,0.0,0.0,-2.0,-2.0,1,0
342,-2.0,-2.0,-2.0,-2.0,-2.0,-2.0,-2.0,-2.0,0.7000000000000002,-2.0,-2.0,-2.0,-2.0,-2.0,-2.0,0,0
343,-2.0,-2.0,-2.0,-2.0,-2.0,-2.0,-2.0,-2.0,-2.0,-2.0,-2.0,-2.0,-2.0,-2.0,-2.0,0,0
344,1.0,-2.0,-2.0,-2.0,-2.0,1.0,-2.0,-2.0,2.0,1.0,-2.0,-2.0,-2.0,1.0,-2.0,0,0
345,0.0,-2.0,-1.0,-2.0,-2.0,-2.0,-2.0,-2.0,1.0,1.0,-2.0,2.0,2.0,0.0,-2.0,0,0
346,0.0,0.0,0.0,0.0,-0.30000000000000004,1.7000000000000002,-2.0,-2.0,-2.0,-2.0,0.0,-2.0,-2.0,0.0,-2.0,1,0
347,-1.0,-1.0,-1.0,-2.0,-2.0,1.2999999999999998,-2.0,-2.0,0.0,0.0,-2.0,0.0,0.0,-2.0,0.7000000000000002,0,0
348,-2.0,-2.0,-2.0,-2.0,-2.0,-2.0,-2.0,-2.0,-2.0,-2.0,-2.0,-2.0,-2.0,-2.0,-2.0,0,0
349,1.0,-1.0,-2.0,-2.0,-2.0,-2.0,-2.0,-2.0,1.2999999999999998,1.2999999999999998,1.2999999999999998,-2.0,-2.0,1.0,-2.0,0,0
350,2.0,0.0,-2.0,0.0,-2.0,0.0,-2.0,-2.0,1.0,2.0,-2.0,1.0,1.0,2.0,-2.0,1,0
351,2.0,-2.0,-2.0,0.0,-2.0,2.0,-2.0,-2.0,2.0,2.0,2.0,-2.0,-2.0,2.0,-2.0,1,0
352,1.0,1.0,-2.0,1.0,1.0,-2.0,0.2999999999999998,-2.0,0.0,1.0,-2.0,-2.0,-2.0,1.0,-2.0,1,1
353,2.0,1.0,0.0,-0.30000000000000004,1.0,1.0,-2.0,-2.0,1.0,0.0,1.0,-2.0,-2.0,-2.0,1.0,1,1
354,-2.0,-2.0,-2.0,-2.0,-2.0,-2.0,-2.0,-2.0,0.0,0.0,1.0,-2.0,-2.0,-2.0,-2.0,0,0
355,-0.30000000000000004,-2.0,-2.0,-2.0,-2.0,0.7000000000000002,-2.0,-2.0,1.0,1.0,2.0,-2.0,-2.0,-2.0,0.0,0,0
356,0.0,-1.0,1.0,-2.0,-2.0,-2.0,-2.0,-2.0,0.0,0.0,-2.0,-2.0,-2.0,-0.30000000000000004,1.0,0,0
357,1.0,-1.0,0.0,0.2999999999999998,0.0,-1.0,-1.0,-2.0,0.0,0.0,-2.0,-2.0,-2.0,0.0,-2.0,1,1
358,0.0,-1.0,0.0,0.2999999999999998,-1.0,-2.0,-2.0,1.2999999999999998,0.0,0.0,-2.0,-2.0,-2.0,0.2999999999999998,-2.0,0,0
359,1.2999999999999998,2.0,2.0,2.0,2.0,-2.0,-2.0,-2.0,2.0,1.7000000000000002,-2.0,-2.0,-2.0,-2.0,2.0,1,1
360,2.0,2.0,2.0,2.0,2.0,-2.0,-2.0,-2.0,1.7000000000000002,2.0,0.0,-2.0,-2.0,2.0,0.0,1,1
361,0.0,-1.0,-0.30000000000000004,-1.3,-1.3,-2.0,-2.0,-2.0,1.0,1.0,0.2999999999999998,-2.0,-2.0,0.0,-2.0,0,0
362,-1.0,-2.0,-2.0,-2.0,-2.0,0.0,-2.0,-2.0,0.0,-2.0,0.0,-2.0,-2.0,-2.0,-2.0,0,0
363,2.0,1.0,0.7000000000000002,0.7000000000000002,-2.0,-2.0,-2.0,-2.0,1.0,2.0,0.0,-2.0,-2.0,1.0,-2.0,1,0
364,1.0,1.0,1.2999999999999998,0.2999999999999998,0.0,-2.0,-2.0,-2.0,1.0,0.0,-2.0,-2.0,-2.0,0.0,-2.0,1,1
365,2.0,1.0,1.0,1.2999999999999998,2.0,-2.0,-2.0,1.7000000000000002,2.0,1.0,1.2999999999999998,0.0,-2.0,2.0,-2.0,1,1
366,0.0,-2.0,-0.7,-1.0,-2.0,-2.0,-2.0,-2.0,0.0,1.0,-2.0,-2.0,-2.0,-1.0,-2.0,0,0
367,-2.0,-2.0,-2.0,-2.0,-2.0,-2.0,-2.0,-2.0,2.0,2.0,-2.0,2.0,-2.0,-2.0,2.0,0,0
368,0.0,-2.0,1.0,-2.0,-2.0,0.2999999999999998,1.0,-2.0,1.7000000000000002,0.7000000000000002,0.0,-2.0,-2.0,-2.0,-2.0,0,0
369,0.0,1.0,0.2999999999999998,0.0,0.2999999999999998,1.0,-2.0,-2.0,1.0,1.0,1.7000000000000002,-2.0,-2.0,1.0,-2.0,1,1
370,2.0,1.0,1.2999999999999998,1.0,1.7000000000000002,1.0,-2.0,-2.0,2.0,1.7000000000000002,2.0,-2.0,-2.0,1.2999999999999998,-2.0,1,1
371,1.0,0.0,-0.30000000000000004,-0.7,-2.0,-2.0,0.0,-2.0,0.0,0.0,1.0,-2.0,-2.0,1.0,-2.0,0,0
372,2.0,1.0,-2.0,1.2999999999999998,-2.0,1.7000000000000002,-2.0,-2.0,1.7000000000000002,2.0,2.0,-2.0,-2.0,-2.0,0.0,1,0
373,0.0,0.0,0.0,-2.0,-2.0,-2.0,-2.0,0.0,0.0,1.0,0.0,-2.0,-2.0,0.0,-2.0,0,0
374,1.0,-2.0,-2.0,-2.0,-2.0,-2.0,-2.0,-2.0,0.0,2.0,0.0,-2.0,-2.0,-2.0,-0.30000000000000004,0,0
375,2.0,1.0,2.0,1.7000000000000002,1.7000000000000002,-2.0,-2.0,-2.0,2.0,2.0,2.0,-2.0,-2.0,2.0,-2.0,1,1
376,2.0,-1.0,-0.30000000000000004,-0.7,0.0,1.0,-2.0,-2.0,2.0,2.0,-2.0,-2.0,-2.0,1.0,-2.0,1,1
377,2.0,-1.0,0.0,-0.30000000000000004,-1.3,-2.0,-2.0,-2.0,2.0,0.0,-2.0,-2.0,-2.0,0.0,-2.0,1,1
378,0.0,-1.0,1.0,0.0,1.0,0.0,-2.0,-2.0,1.0,0.0,1.0,-2.0,-2.0,1.0,-2.0,1,1
379,0.0,0.0,1.0,-0.30000000000000004,-0.30000000000000004,1.0,-2.0,-2.0,0.0,1.0,1.0,-2.0,1.0,1.0,-2.0,1,0
380,-2.0,-2.0,-2.0,-2.0,-2.0,-0.7,-2.0,-2.0,0.0,0.0,-2.0,-2.0,-2.0,-2.0,-2.0,0,0
381,2.0,2.0,2.0,2.0,1.7000000000000002,-2.0,-2.0,-2.0,2.0,2.0,2.0,-2.0,-2.0,2.0,-2.0,1,1
382,1.0,-1.0,1.0,0.2999999999999998,0.0,2.0,-2.0,-2.0,1.0,1.0,-2.0,0.0,0.0,2.0,-2.0,1,1
383,0.0,-2.0,0.0,-1.3,-2.0,0.0,-2.0,-2.0,-2.0,0.0,0.0,-2.0,-2.0,-2.0,0.0,0,0
384,-2.0,-2.0,-2.0,-2.0,-2.0,1.2999999999999998,-2.0,-2.0,1.0,-2.0,1.0,-2.0,-2.0,-2.0,-2.0,0,0
385,1.0,-2.0,-2.0,-2.0,-2.0,-2.0,-2.0,-2.0,-2.0,-2.0,1.0,-2.0,-2.0,2.0,-2.0,0,0
386,1.0,-2.0,-2.0,-2.0,-2.0,1.0,-2.0,-2.0,1.0,0.0,-2.0,-2.0,-2.0,-2.0,-2.0,0,0
387,1.2999999999999998,0.0,1.0,0.0,-1.0,-2.0,-2.0,-2.0,1.7000000000000002,0.7000000000000002,-2.0,-2.0,-2.0,-2.0,-2.0,1,1
388,0.0,-2.0,-2.0,0.2999999999999998,-2.0,1.0,-2.0,-2.0,1.0,0.0,0.0,-2.0,-2.0,0.0,-2.0,0,0
389,1.2999999999999998,-2.0,-2.0,-2.0,-2.0,-2.0,-2.0,-2.0,1.2999999999999998,-2.0,1.0,-2.0,-2.0,-2.0,-2.0,0,0
390,2.0,1.0,2.0,1.0,-0.30000000000000004,-2.0,-2.0,-2.0,2.0,2.0,-2.0,1.0,1.0,2.0,-2.0,1,1
391,-1.0,1.0,-0.7,1.0,-1.0,-2.0,-2.0,-2.0,-2.0,-2.0,0.2999999999999998,-2.0,-2.0,2.0,-2.0,1,1
392,1.0,-2.0,-2.0,-2.0,-2.0,1.0,-2.0,-2.0,1.0,1.0,-2.0,-2.0,-2.0,1.0,-2.0,0,0
393,2.0,-2.0,-2.0,-2.0,-2.0,-2.0,-2.0,-2.0,1.0,-2.0,2.0,-2.0,-2.0,2.0,-2.0,0,0
394,0.0,0.0,0.0,0.7000000000000002,-0.7,-2.0,-2.0,-2.0,0.0,2.0,-2.0,-2.0,-2.0,-2.0,0.0,1,1
395,2.0,2.0,2.0,1.7000000000000002,2.0,2.0,-2.0,-2.0,1.7000000000000002,-2.0,2.0,-2.0,-2.0,1.0,-2.0,1,1
396,2.0,2.0,2.0,1.2999999999999998,2.0,2.0,-2.0,-2.0,-2.0,1.0,-2.0,1.0,-2.0,-2.0,1.0,1,1
397,1.0,-2.0,0.0,-2.0,-1.0,-2.0,-2.0,-2.0,1.0,2.0,-2.0,1.0,1.0,2.0,-2.0,1,0
398,-2.0,1.0,1.0,0.0,0.0,0.0,-2.0,-2.0,0.0,1.0,-2.0,-2.0,-2.0,1.0,-2.0,1,1
399,1.0,2.0,1.2999999999999998,2.0,1.0,-2.0,-2.0,-2.0,2.0,2.0,2.0,-2.0,2.0,2.0,-2.0,1,1
400,1.0,0.0,-2.0,1.0,0.7000000000000002,1.0,-2.0,-2.0,1.0,1.0,-2.0,1.0,1.0,2.0,-2.0,1,0
401,0.2999999999999998,1.0,-2.0,1.7000000000000002,2.0,-2.0,-2.0,-2.0,2.0,0.0,-2.0,-2.0,-2.0,-2.0,1.2999999999999998,1,1
402,-1.0,-2.0,-2.0,-2.0,-2.0,1.0,-2.0,-2.0,-1.0,-2.0,2.0,-2.0,-2.0,1.0,-2.0,0,0
403,-2.0,0.0,1.0,1.0,1.2999999999999998,-2.0,-2.0,-2.0,2.0,2.0,2.0,-2.0,2.0,2.0,-2.0,1,0
404,0.0,0.7000000000000002,0.7000000000000002,0.2999999999999998,-1.0,-2.0,-2.0,-2.0,1.0,1.0,-2.0,-2.0,-2.0,-2.0,1.2999999999999998,1,1
405,-2.0,-2.0,-2.0,-2.0,-2.0,-2.0,-2.0,-2.0,2.0,1.0,-2.0,0.0,0.0,1.0,-2.0,0,0
406,2.0,2.0,0.7000000000000002,0.7000000000000002,2.0,1.7000000000000002,-2.0,-2.0,1.0,1.0,2.0,-2.0,-2.0,0.0,-2.0,1,1
407,-2.0,2.0,-2.0,2.0,1.7000000000000002,-2.0,-2.0,-2.0,2.0,2.0,-2.0,-2.0,-2.0,-2.0,1.7000000000000002,1,1
408,2.0,1.0,0.0,-1.0,-2.0,1.0,-2.0,-2.0,0.0,0.0,-1.0,-2.0,-2.0,0.7000000000000002,-2.0,1,0
409,2.0,2.0,1.7000000000000002,1.7000000000000002,1.0,-2.0,-2.0,-2.0,2.0,2.0,-2.0,2.0,-2.0,1.0,-2.0,1,1
410,1.0,1.0,-1.0,0.0,-2.0,0.0,-2.0,-2.0,1.0,1.0,-2.0,-2.0,-2.0,1.0,-2.0,1,0
411,2.0,1.0,0.0,0.0,0.0,-2.0,1.0,-2.0,1.0,1.0,-2.0,-1.0,-1.0,0.0,-2.0,1,0
412,1.0,0.0,0.7000000000000002,0.0,1.0,-2.0,-2.0,-2.0,0.0,0.0,0.0,-2.0,1.0,1.0,-2.0,1,1
413,0.0,-1.0,0.0,-2.0,0.0,-2.0,-2.0,-2.0,-1.0,-0.30000000000000004,0.0,-2.0,-2.0,0.0,-2.0,0,1
414,0.0,-2.0,-1.0,-2.0,-2.0,1.0,-2.0,-2.0,0.0,0.0,-2.0,0.0,0.0,0.0,-2.0,0,0
415,-2.0,-2.0,0.0,-1.0,-2.0,-2.0,-2.0,-2.0,-2.0,-2.0,-2.0,-2.0,-2.0,-2.0,-2.0,0,0
416,-2.0,-2.0,-2.0,-2.0,-2.0,-2.0,-2.0,-2.0,-2.0,-2.0,-2.0,-2.0,-2.0,0.0,-2.0,0,0
417,2.0,2.0,1.2999999999999998,2.0,-2.0,2.0,-2.0,-2.0,2.0,-2.0,-2.0,-2.0,-2.0,2.0,-2.0,1,0
418,0.0,0.0,0.0,-1.0,0.0,-2.0,-2.0,-2.0,0.0,-0.30000000000000004,0.0,-2.0,-2.0,0.0,-2.0,1,1
419,2.0,2.0,2.0,2.0,-2.0,-2.0,-2.0,-2.0,-2.0,-2.0,-2.0,-2.0,-2.0,-2.0,-2.0,1,0
420,0.0,2.0,2.0,1.2999999999999998,2.0,-2.0,-2.0,-2.0,2.0,1.7000000000000002,-2.0,0.0,-2.0,-2.0,2.0,1,1
421,-2.0,-1.0,-1.0,1.0,0.0,-2.0,-0.7,-2.0,0.0,0.0,2.0,-2.0,-2.0,1.0,-2.0,0,1
422,-2.0,-2.0,-2.0,-2.0,-2.0,-2.0,-2.0,-2.0,1.0,-2.0,-2.0,-2.0,-2.0,-2.0,-2.0,0,0
423,-2.0,-2.0,-2.0,-2.0,-2.0,-2.0,-2.0,-2.0,-2.0,-2.0,-2.0,-2.0,-2.0,-2.0,-2.0,0,0
424,-2.0,-2.0,-2.0,-2.0,-2.0,0.0,-2.0,-2.0,2.0,1.0,-2.0,-2.0,-2.0,-2.0,-2.0,0,0
425,0.0,-1.0,1.0,2.0,1.0,-2.0,-2.0,-2.0,0.0,-2.0,1.0,0.2999999999999998,-2.0,-2.0,-2.0,1,1
426,-2.0,-2.0,-2.0,-2.0,-2.0,-2.0,-2.0,-2.0,-2.0,-2.0,-2.0,-2.0,-2.0,-2.0,-2.0,0,0
427,1.0,2.0,1.7000000000000002,2.0,1.0,-2.0,-2.0,-2.0,2.0,-2.0,-2.0,-2.0,-2.0,-2.0,0.7000000000000002,1,1
428,-2.0,-2.0,-2.0,-2.0,-2.0,-2.0,-2.0,-2.0,-2.0,-2.0,-2.0,-2.0,-2.0,-2.0,-2.0,0,0
429,-2.0,1.0,0.0,-0.7,-1.0,-2.0,1.0,-2.0,0.0,-2.0,1.0,-2.0,-2.0,-2.0,-2.0,0,0
430,2.0,1.0,2.0,-2.0,2.0,-2.0,-2.0,-2.0,2.0,1.0,-2.0,-2.0,-2.0,-2.0,1.2999999999999998,1,1
431,1.2999999999999998,1.0,0.0,-0.30000000000000004,0.0,-2.0,-2.0,-2.0,0.0,0.2999999999999998,1.7000000000000002,-2.0,-2.0,1.0,-2.0,1,1
432,-2.0,-2.0,-2.0,-2.0,-2.0,-2.0,-2.0,-2.0,2.0,-2.0,1.7000000000000002,-2.0,-2.0,-2.0,-2.0,0,0
433,2.0,-2.0,1.0,-2.0,-2.0,2.0,-2.0,-2.0,2.0,2.0,1.0,-2.0,-2.0,0.0,-2.0,1,0
434,1.0,0.0,0.0,0.0,-1.0,1.0,-2.0,-2.0,1.0,1.0,-2.0,-2.0,-2.0,2.0,-2.0,1,0
435,-1.0,-2.0,-1.0,-1.3,-2.0,-2.0,-2.0,-2.0,1.0,0.0,-2.0,-2.0,-2.0,0.0,-2.0,0,0
436,1.7000000000000002,1.0,1.7000000000000002,1.0,1.0,2.0,-2.0,-2.0,2.0,1.7000000000000002,2.0,-2.0,-2.0,2.0,-2.0,1,1
437,0.0,0.0,0.7000000000000002,2.0,-1.0,-2.0,-2.0,-2.0,1.0,1.0,-2.0,-2.0,-2.0,-2.0,-2.0,1,1
438,-2.0,1.0,-2.0,0.2999999999999998,-2.0,1.0,-2.0,-2.0,0.0,1.0,-2.0,-2.0,-2.0,0.0,-2.0,0,0
439,0.0,0.0,1.0,0.0,-1.0,1.0,-2.0,-2.0,0.0,0.0,1.0,-2.0,-2.0,-2.0,-2.0,1,1
440,-2.0,-2.0,-2.0,-0.30000000000000004,-2.0,-2.0,-2.0,-2.0,2.0,0.2999999999999998,-2.0,-2.0,-2.0,-1.3,-2.0,0,0
441,2.0,-2.0,-2.0,-2.0,-2.0,-2.0,-2.0,-2.0,1.0,0.0,0.0,-2.0,0.0,-2.0,-2.0,0,0
442,1.0,1.0,1.0,0.0,-1.0,-2.0,-2.0,-2.0,1.0,1.0,-2.0,-2.0,-2.0,0.0,-2.0,1,1
443,0.0,0.0,0.0,0.7000000000000002,0.0,-2.0,-2.0,-2.0,2.0,2.0,0.0,-2.0,-2.0,0.0,-2.0,1,1
444,-2.0,-2.0,-2.0,-2.0,-2.0,-2.0,-2.0,-2.0,0.0,2.0,0.0,-2.0,-2.0,-2.0,-2.0,0,0
445,-2.0,-2.0,-2.0,-2.0,-2.0,-2.0,-2.0,-2.0,-0.30000000000000004,-2.0,-2.0,-2.0,0.7000000000000002,-2.0,-2.0,0,0
446,0.0,1.0,0.2999999999999998,0.2999999999999998,1.7000000000000002,2.0,2.0,-2.0,2.0,2.0,-2.0,-2.0,-2.0,1.0,-2.0,1,1
447,1.7000000000000002,2.0,2.0,2.0,2.0,-2.0,2.0,-2.0,-2.0,-2.0,-2.0,2.0,-2.0,-2.0,2.0,1,1
448,-2.0,-2.0,2.0,-2.0,-2.0,-2.0,-2.0,-2.0,2.0,-2.0,1.7000000000000002,-2.0,-2.0,-2.0,0.2999999999999998,0,0
449,-2.0,-2.0,-2.0,-2.0,-2.0,1.0,-2.0,-2.0,-1.0,-2.0,-2.0,-2.0,-2.0,-0.30000000000000004,-2.0,0,0
450,1.0,0.0,0.0,1.2999999999999998,-0.30000000000000004,-0.30000000000000004,-2.0,-2.0,-1.0,1.0,1.0,-2.0,-2.0,1.0,-2.0,1,1
451,-2.0,-2.0,-2.0,-2.0,-2.0,-2.0,-2.0,-2.0,0.2999999999999998,0.0,-2.0,-2.0,-2.0,-2.0,-2.0,0,0
452,0.0,0.7000000000000002,1.0,1.7000000000000002,-1.3,-2.0,-2.0,-2.0,1.0,2.0,-2.0,-2.0,1.0,-2.0,-1.0,1,1
453,-2.0,-2.0,-2.0,-2.0,-2.0,-2.0,-2.0,-2.0,0.0,0.0,2.0,-2.0,-2.0,2.0,-2.0,0,0
454,2.0,2.0,1.7000000000000002,1.2999999999999998,1.2999999999999998,-2.0,-2.0,-2.0,2.0,2.0,-2.0,2.0,2.0,2.0,-2.0,1,1
455,-2.0,0.2999999999999998,-2.0,1.2999999999999998,-2.0,1.7000000000000002,-2.0,-2.0,2.0,-2.0,1.2999999999999998,-2.0,-2.0,-2.0,0.2999999999999998,0,0
456,-1.0,1.0,2.0,1.2999999999999998,1.7000000000000002,-2.0,-2.0,-2.0,1.0,0.0,-2.0,2.0,-2.0,1.0,-2.0,1,1
457,0.7000000000000002,-2.0,-2.0,-2.0,-2.0,1.0,-2.0,-2.0,2.0,1.0,-2.0,-2.0,-2.0,0.0,-2.0,0,0
458,-2.0,-2.0,0.0,-2.0,-2.0,0.0,-2.0,-2.0,2.0,-2.0,2.0,-2.0,-2.0,2.0,-2.0,0,0
459,0.0,1.0,0.7000000000000002,1.0,1.2999999999999998,1.2999999999999998,-2.0,-2.0,1.0,2.0,0.0,-2.0,-2.0,-2.0,1.0,1,0
460,0.7000000000000002,1.0,0.0,1.0,0.7000000000000002,-2.0,-2.0,-2.0,1.0,0.0,-2.0,-2.0,-2.0,-2.0,1.0,1,1
461,2.0,0.0,1.0,1.0,-1.0,2.0,-2.0,-2.0,2.0,2.0,-2.0,-2.0,-2.0,1.0,-2.0,1,1
462,-2.0,1.0,1.7000000000000002,0.0,0.0,2.0,-2.0,-2.0,1.0,2.0,-2.0,-2.0,2.0,0.2999999999999998,-2.0,1,1
463,1.2999999999999998,1.0,0.7000000000000002,1.0,1.0,1.2999999999999998,-2.0,-2.0,1.0,0.7000000000000002,-2.0,1.0,1.0,1.2999999999999998,-2.0,1,1
464,0.0,0.0,-2.0,-1.3,-0.30000000000000004,-2.0,1.2999999999999998,-2.0,0.2999999999999998,0.0,-2.0,-2.0,-2.0,-2.0,-1.0,0,1
465,0.7000000000000002,-2.0,-2.0,0.0,-2.0,1.7000000000000002,-2.0,-2.0,1.0,2.0,0.7000000000000002,-2.0,-2.0,-2.0,-1.0,0,0
466,-2.0,-2.0,-2.0,-2.0,-2.0,-2.0,-2.0,-2.0,-2.0,-2.0,-2.0,-2.0,-2.0,-2.0,-2.0,0,0
467,0.2999999999999998,0.0,1.0,0.7000000000000002,1.2999999999999998,-2.0,-2.0,-2.0,0.0,2.0,0.0,-2.0,-2.0,-2.0,-1.0,1,0
468,0.7000000000000002,0.0,2.0,0.0,0.0,1.7000000000000002,-2.0,-2.0,0.0,-0.30000000000000004,0.0,-2.0,-2.0,0.0,-2.0,1,0
469,-1.0,-2.0,-1.0,-1.0,-2.0,-2.0,-2.0,-2.0,-2.0,-1.0,-2.0,-2.0,-2.0,1.2999999999999998,-2.0,0,0
470,-2.0,-2.0,-2.0,-2.0,-2.0,-2.0,-2.0,-2.0,-2.0,-2.0,-2.0,-2.0,-2.0,-2.0,-2.0,0,0
471,2.0,2.0,0.7000000000000002,0.0,0.7000000000000002,1.0,0.7000000000000002,-2.0,2.0,0.0,0.0,-2.0,0.0,-2.0,0.0,1,1
472,-2.0,-2.0,-2.0,-2.0,-2.0,-2.0,-2.0,-2.0,2.0,-2.0,1.0,-2.0,-2.0,-2.0,-2.0,0,0
473,1.0,-1.0,0.0,-2.0,-2.0,-2.0,-2.0,-2.0,1.0,0.0,-2.0,0.0,0.0,0.0,-2.0,0,0
474,0.0,-2.0,0.2999999999999998,-2.0,-2.0,0.0,-2.0,-2.0,1.0,1.0,-2.0,-2.0,-2.0,-2.0,0.7000000000000002,0,0
475,-1.0,-1.0,-2.0,-2.0,-2.0,1.0,-2.0,-2.0,1.0,0.0,-2.0,-2.0,-2.0,1.0,-2.0,0,0
476,-0.30000000000000004,0.2999999999999998,0.0,0.2999999999999998,-2.0,1.2999999999999998,-2.0,-2.0,-2.0,-0.30000000000000004,0.0,-2.0,-2.0,-2.0,0.0,0,0
477,2.0,1.0,1.0,2.0,1.0,-2.0,-2.0,-2.0,2.0,0.7000000000000002,0.7000000000000002,-2.0,-2.0,1.0,-2.0,1,1
478,2.0,2.0,2.0,1.2999999999999998,1.2999999999999998,-2.0,-2.0,2.0,1.0,1.0,-2.0,-2.0,-2.0,-2.0,-2.0,1,1
479,0.0,-2.0,-2.0,-2.0,-2.0,-2.0,-2.0,1.2999999999999998,-1.0,-0.30000000000000004,0.0,-2.0,-2.0,0.0,-2.0,0,0
480,2.0,-2.0,-2.0,-2.0,-2.0,-2.0,-2.0,1.2999999999999998,0.0,1.0,0.0,-2.0,-2.0,-2.0,1.0,0,0
481,2.0,2.0,2.0,0.7000000000000002,1.2999999999999998,-2.0,-2.0,-2.0,2.0,2.0,-2.0,1.0,1.0,2.0,-2.0,1,1
482,-0.7,0.0,-0.7,-2.0,-1.0,-2.0,-2.0,-2.0,2.0,0.0,0.0,-2.0,-2.0,-2.0,-2.0,0,1
483,0.0,0.0,0.0,0.7000000000000002,-0.30000000000000004,2.0,-2.0,-2.0,0.0,0.0,0.0,-2.0,-2.0,1.0,-1.0,1,0
484,-2.0,-2.0,0.0,-2.0,-2.0,-2.0,-0.30000000000000004,-2.0,1.0,1.0,0.0,-2.0,-2.0,0.0,-2.0,0,0
485,1.0,2.0,1.0,-2.0,-2.0,1.7000000000000002,-2.0,-2.0,1.0,0.0,0.7000000000000002,-2.0,-2.0,1.0,-2.0,1,0
486,0.0,-1.0,0.0,-0.30000000000000004,0.2999999999999998,-2.0,-2.0,-2.0,1.0,1.0,0.0,-2.0,-2.0,0.0,-2.0,1,1
487,2.0,2.0,2.0,2.0,2.0,-2.0,2.0,-2.0,2.0,2.0,-2.0,2.0,2.0,2.0,-2.0,1,0
488,1.7000000000000002,-2.0,-2.0,-2.0,-2.0,1.7000000000000002,-2.0,-2.0,1.2999999999999998,1.0,1.0,-2.0,-2.0,-2.0,-2.0,0,0
489,2.0,0.0,2.0,0.0,-1.3,-2.0,-2.0,-2.0,2.0,1.0,-2.0,-2.0,-2.0,0.0,-2.0,1,1
490,-2.0,-2.0,-2.0,-2.0,-2.0,-2.0,-2.0,-2.0,-2.0,-1.0,-2.0,-2.0,-2.0,1.0,-2.0,0,0
491,1.0,-0.30000000000000004,0.2999999999999998,0.0,-2.0,-2.0,-2.0,-2.0,1.0,-1.0,2.0,-2.0,-2.0,0.0,-2.0,1,0
492,1.0,2.0,2.0,1.7000000000000002,1.0,-2.0,2.0,-2.0,2.0,2.0,-2.0,-2.0,-2.0,2.0,-2.0,1,1
493,2.0,2.0,2.0,1.7000000000000002,2.0,2.0,-2.0,-2.0,-2.0,-2.0,-2.0,-2.0,-2.0,2.0,-2.0,1,1
494,-2.0,-2.0,-2.0,-2.0,-2.0,-1.0,-2.0,-2.0,2.0,1.0,1.0,-2.0,-2.0,2.0,-2.0,0,0
495,2.0,1.0,1.7000000000000002,1.7000000000000002,0.7000000000000002,-2.0,1.0,-2.0,2.0,2.0,-2.0,0.7000000000000002,-2.0,-2.0,-2.0,1,1
496,-2.0,1.0,1.2999999999999998,0.2999999999999998,2.0,1.2999999999999998,-2.0,-2.0,2.0,1.2999999999999998,-2.0,1.0,-2.0,-2.0,1.0,1,1
497,0.0,-2.0,-2.0,-2.0,-2.0,-2.0,-2.0,-2.0,0.0,-2.0,0.0,-2.0,-2.0,-2.0,0.0,0,0
498,0.0,-2.0,-2.0,-2.0,-2.0,-2.0,-2.0,-2.0,0.0,1.0,-2.0,-2.0,-2.0,0.2999999999999998,-2.0,0,0
499,-1.0,-2.0,-2.0,-2.0,-2.0,-2.0,-2.0,-2.0,-2.0,-2.0,1.0,-2.0,-2.0,-2.0,0.7000000000000002,0,0
500,-2.0,2.0,2.0,2.0,2.0,2.0,-2.0,-2.0,2.0,2.0,2.0,-2.0,2.0,2.0,-2.0,1,1
501,0.2999999999999998,-2.0,-2.0,-2.0,-2.0,1.2999999999999998,-2.0,-2.0,1.0,0.0,1.0,-2.0,-2.0,1.7000000000000002,-2.0,0,0
502,1.0,-2.0,-1.3,-2.0,-2.0,-2.0,-2.0,-2.0,0.0,1.0,-2.0,-2.0,-2.0,1.0,-2.0,0,0
503,2.0,-2.0,-2.0,-2.0,-2.0,2.0,0.0,-2.0,1.0,0.0,-2.0,-2.0,-2.0,-2.0,-2.0,0,0
504,2.0,2.0,1.7000000000000002,1.7000000000000002,0.7000000000000002,-2.0,-2.0,-2.0,2.0,0.2999999999999998,2.0,-2.0,-2.0,1.2999999999999998,-2.0,1,1
505,2.0,2.0,2.0,2.0,2.0,2.0,-2.0,-2.0,2.0,2.0,-2.0,-2.0,-2.0,-2.0,-2.0,1,1
506,-2.0,-0.30000000000000004,0.0,0.0,-2.0,1.0,-2.0,-2.0,1.0,1.0,-1.0,-2.0,-2.0,0.0,-2.0,0,0
507,1.0,1.0,2.0,0.0,0.0,-2.0,-2.0,-2.0,0.0,2.0,-2.0,-2.0,-2.0,0.0,-2.0,1,1
508,0.0,-1.0,0.0,0.0,-2.0,-2.0,-2.0,-2.0,0.0,0.0,0.0,0.0,0.0,-2.0,-2.0,0,0
509,0.7000000000000002,-2.0,1.0,-2.0,-2.0,-2.0,-2.0,-2.0,2.0,1.0,-2.0,0.0,-2.0,0.0,-2.0,0,0
510,-1.0,-2.0,-1.0,-2.0,-2.0,-2.0,-2.0,-2.0,0.0,1.0,0.0,-2.0,0.0,0.0,-2.0,0,0
511,0.0,0.0,-0.30000000000000004,0.0,-0.30000000000000004,0.7000000000000002,-2.0,-2.0,2.0,1.0,0.7000000000000002,-2.0,-2.0,0.0,-2.0,1,1
512,1.7000000000000002,0.0,1.0,0.7000000000000002,2.0,1.0,-2.0,-2.0,2.0,2.0,-2.0,-2.0,1.7000000000000002,2.0,-2.0,1,1
513,1.0,-2.0,-2.0,-2.0,-2.0,1.0,-2.0,-2.0,2.0,2.0,1.0,-2.0,-2.0,1.0,-2.0,0,0
514,0.0,0.0,0.0,-2.0,-2.0,2.0,0.0,-2.0,0.7000000000000002,-1.3,-2.0,-2.0,-2.0,2.0,-2.0,0,0
515,2.0,2.0,2.0,2.0,2.0,-2.0,-2.0,-2.0,2.0,2.0,-2.0,-2.0,-2.0,-2.0,2.0,1,1
516,1.0,0.0,-2.0,0.0,-1.3,1.7000000000000002,-2.0,-2.0,1.0,1.0,-2.0,-2.0,-2.0,0.2999999999999998,-2.0,1,0
517,0.0,-1.0,-0.30000000000000004,1.0,-2.0,-2.0,1.0,-2.0,0.7000000000000002,0.0,0.0,-2.0,-2.0,0.7000000000000002,-2.0,0,0
518,-2.0,2.0,2.0,2.0,1.0,-2.0,-2.0,-2.0,-2.0,1.2999999999999998,-2.0,-2.0,-2.0,-2.0,1.2999999999999998,1,1
519,0.0,-1.0,-2.0,-1.3,-2.0,1.0,-2.0,-2.0,0.0,1.0,0.0,-2.0,-2.0,-0.7,-2.0,0,0
520,1.0,-2.0,-2.0,-2.0,-2.0,1.0,-2.0,-2.0,1.0,2.0,-2.0,-2.0,-2.0,1.0,-2.0,0,0
521,-0.7,-1.0,-2.0,-2.0,-2.0,-2.0,-2.0,-2.0,0.0,1.0,0.0,-2.0,-2.0,0.0,1.0,0,0
522,1.0,-1.0,-0.7,-1.0,-2.0,2.0,-2.0,-2.0,1.0,2.0,0.7000000000000002,-2.0,-2.0,0.0,-2.0,0,0
523,1.0,1.0,0.0,-0.30000000000000004,-0.30000000000000004,-2.0,-2.0,-2.0,0.0,1.0,-2.0,0.0,0.0,1.0,-2.0,1,1
524,-2.0,-2.0,-2.0,-2.0,-2.0,-2.0,-2.0,-2.0,-2.0,-2.0,2.0,-2.0,-2.0,-2.0,-2.0,0,0
525,-2.0,-2.0,-2.0,-2.0,-2.0,-2.0,-2.0,-2.0,1.0,-2.0,1.0,-2.0,-2.0,0.0,-2.0,0,0
526,1.0,2.0,2.0,1.0,-2.0,-2.0,-2.0,-2.0,0.0,1.0,-2.0,2.0,2.0,1.0,-2.0,1,0
527,1.0,0.0,0.0,1.0,0.7000000000000002,0.0,-2.0,-2.0,1.0,0.0,1.2999999999999998,-1.0,-1.0,1.0,-2.0,1,0
528,2.0,2.0,1.7000000000000002,1.0,1.0,2.0,-2.0,-2.0,2.0,2.0,-2.0,0.0,0.0,2.0,-2.0,1,1
529,-2.0,-2.0,-2.0,-2.0,-2.0,1.0,-2.0,-2.0,2.0,-2.0,0.7000000000000002,-2.0,-2.0,-2.0,-1.0,0,0
530,0.0,-1.0,0.2999999999999998,-1.0,-0.30000000000000004,1.2999999999999998,-2.0,-2.0,0.0,-0.30000000000000004,0.0,-2.0,-2.0,2.0,-2.0,1,0
531,2.0,-2.0,0.0,-1.3,-2.0,0.0,-2.0,-2.0,0.0,1.0,1.0,-2.0,-2.0,2.0,-2.0,0,0
532,-2.0,-2.0,-2.0,-2.0,-2.0,-2.0,-2.0,-2.0,-2.0,-2.0,-2.0,-2.0,-2.0,-2.0,-2.0,0,0
533,2.0,-2.0,-0.7,-2.0,-2.0,-2.0,-2.0,0.2999999999999998,0.0,0.0,-2.0,0.0,0.0,-2.0,-2.0,0,0
534,2.0,0.0,0.2999999999999998,1.0,0.2999999999999998,-2.0,0.0,-2.0,0.0,0.7000000000000002,-2.0,-2.0,-2.0,0.0,-2.0,1,1
535,0.0,0.0,1.2999999999999998,1.0,2.0,-2.0,-2.0,-2.0,1.7000000000000002,2.0,0.0,-2.0,-2.0,0.2999999999999998,-2.0,1,1
536,-1.3,-0.30000000000000004,0.0,-1.0,-1.0,-2.0,1.0,-2.0,2.0,2.0,-2.0,-2.0,-2.0,0.0,-2.0,1,1
537,0.0,-2.0,-1.0,-2.0,-2.0,-2.0,-2.0,-2.0,0.0,0.0,0.0,-2.0,-2.0,1.0,-2.0,0,0
538,1.2999999999999998,1.0,2.0,-2.0,-0.30000000000000004,-2.0,1.0,-2.0,1.0,1.0,2.0,-2.0,-2.0,1.0,-2.0,1,1
539,2.0,1.0,2.0,1.0,2.0,-2.0,-2.0,-2.0,2.0,1.7000000000000002,-2.0,-2.0,-2.0,-2.0,2.0,1,1
540,1.0,-2.0,-2.0,0.7000000000000002,-2.0,2.0,-2.0,-2.0,1.0,1.0,1.0,-2.0,-2.0,1.0,-2.0,0,0
541,2.0,1.0,0.2999999999999998,0.2999999999999998,1.0,0.0,-2.0,-2.0,0.2999999999999998,1.0,-2.0,-2.0,-2.0,1.0,-2.0,1,1
542,0.0,0.0,0.0,-0.30000000000000004,0.0,2.0,-2.0,-2.0,1.0,1.0,0.0,-2.0,-2.0,1.0,-2.0,1,0
543,-0.30000000000000004,0.0,0.0,0.0,0.2999999999999998,0.7000000000000002,-2.0,-2.0,-1.0,0.0,0.0,-2.0,-2.0,0.0,-2.0,1,0
544,-2.0,-2.0,-2.0,-2.0,-2.0,-2.0,-2.0,-2.0,-2.0,-2.0,-2.0,-2.0,-2.0,-2.0,-2.0,0,0
545,1.0,1.0,0.2999999999999998,1.2999999999999998,-2.0,-2.0,-2.0,0.2999999999999998,1.0,1.0,1.0,1.0,-2.0,-2.0,-2.0,1,0
546,-2.0,-1.0,0.2999999999999998,0.0,0.0,1.2999999999999998,-2.0,-2.0,0.7000000000000002,0.7000000000000002,2.0,-2.0,-2.0,1.0,-2.0,1,0
547,-1.3,0.0,-0.30000000000000004,0.0,-0.30000000000000004,-2.0,-2.0,-2.0,-1.0,0.0,-2.0,-2.0,-2.0,0.0,-2.0,0,1
548,1.0,0.0,0.0,-0.30000000000000004,-2.0,-2.0,0.7000000000000002,-2.0,1.0,0.0,-2.0,-2.0,-2.0,1.0,-2.0,1,0
549,0.2999999999999998,0.0,0.0,0.0,-2.0,1.7000000000000002,-2.0,-2.0,1.0,1.0,0.2999999999999998,-2.0,-2.0,0.0,-2.0,1,0
550,-2.0,0.0,-0.30000000000000004,-0.30000000000000004,-2.0,-2.0,-2.0,-2.0,0.2999999999999998,0.7000000000000002,0.0,-2.0,-2.0,1.0,-2.0,0,0
551,0.0,0.0,-1.0,0.0,0.0,-2.0,1.0,-2.0,2.0,0.0,-2.0,1.0,1.0,2.0,-2.0,1,1
552,0.7000000000000002,-2.0,1.0,1.7000000000000002,0.7000000000000002,-2.0,-2.0,-2.0,-2.0,-2.0,0.7000000000000002,-2.0,-2.0,-2.0,0.2999999999999998,1,1
553,-2.0,-2.0,-2.0,-2.0,-2.0,1.0,-2.0,-2.0,1.0,1.0,-2.0,-2.0,-2.0,1.2999999999999998,-2.0,0,0
554,0.2999999999999998,1.0,0.7000000000000002,2.0,2.0,2.0,-2.0,-2.0,1.0,1.7000000000000002,2.0,-2.0,-2.0,-2.0,1.2999999999999998,1,1
555,1.0,2.0,1.2999999999999998,1.7000000000000002,2.0,2.0,-2.0,-2.0,2.0,2.0,-2.0,1.0,1.0,2.0,-2.0,1,1
556,1.7000000000000002,0.0,-0.7,0.0,1.0,-2.0,-2.0,-2.0,2.0,2.0,-2.0,-2.0,-2.0,1.0,-2.0,1,1
557,1.0,1.0,-0.30000000000000004,0.0,0.0,-2.0,-2.0,-2.0,0.0,0.0,0.0,-2.0,-2.0,0.0,-2.0,1,1
558,-1.0,-2.0,1.7000000000000002,0.0,-2.0,-2.0,-2.0,-2.0,1.0,2.0,-2.0,-2.0,-2.0,0.0,-2.0,0,0
559,1.0,2.0,2.0,1.0,1.0,1.0,-2.0,-2.0,2.0,2.0,-2.0,-2.0,-2.0,2.0,-2.0,1,1
560,1.0,0.0,0.2999999999999998,0.0,-0.30000000000000004,-2.0,-2.0,-2.0,1.0,1.0,-2.0,-2.0,-2.0,-2.0,1.7000000000000002,1,1
561,2.0,2.0,2.0,1.2999999999999998,1.7000000000000002,-2.0,-2.0,-2.0,2.0,2.0,2.0,-2.0,-2.0,2.0,-2.0,1,0
562,1.0,1.2999999999999998,0.0,0.7000000000000002,-2.0,2.0,-2.0,-2.0,1.0,2.0,-2.0,1.0,-2.0,0.0,-2.0,1,0
563,-2.0,-2.0,0.0,0.0,-2.0,0.7000000000000002,-2.0,-2.0,-1.0,0.0,-2.0,-2.0,-2.0,-2.0,-2.0,0,0
564,-2.0,-2.0,-2.0,-2.0,-2.0,1.0,0.7000000000000002,-2.0,0.0,0.0,-2.0,-2.0,-2.0,-2.0,-2.0,0,0
565,1.0,1.2999999999999998,2.0,2.0,0.2999999999999998,-2.0,-2.0,-2.0,2.0,2.0,-2.0,0.0,-2.0,-2.0,2.0,1,1
566,1.0,0.0,-1.0,0.7000000000000002,-2.0,1.0,-2.0,-2.0,1.0,2.0,2.0,-2.0,2.0,2.0,-2.0,1,0
567,1.0,1.0,1.0,0.2999999999999998,0.0,-2.0,-2.0,-2.0,0.0,-2.0,1.0,-2.0,-2.0,0.2999999999999998,-2.0,1,1
568,-2.0,-2.0,-2.0,-2.0,-2.0,-1.0,-2.0,-2.0,-2.0,-2.0,-2.0,0.0,-2.0,-2.0,0.2999999999999998,0,0
569,1.0,-2.0,-2.0,-2.0,-2.0,-2.0,-1.0,-2.0,1.0,1.0,1.2999999999999998,-2.0,-2.0,1.0,-2.0,0,0
570,-2.0,-2.0,0.2999999999999998,2.0,0.0,-2.0,-2.0,1.2999999999999998,1.2999999999999998,1.0,2.0,-2.0,-2.0,-2.0,-2.0,1,1
571,1.0,-2.0,-2.0,-2.0,-2.0,-2.0,-2.0,-2.0,-2.0,2.0,-2.0,2.0,-2.0,-2.0,2.0,0,0
572,-1.0,0.0,-1.3,-1.0,-1.0,-2.0,-2.0,-2.0,0.0,0.0,-2.0,0.0,-2.0,1.0,-2.0,0,0
573,-2.0,-2.0,-2.0,-2.0,-2.0,-2.0,-2.0,-2.0,-2.0,2.0,-2.0,0.0,-2.0,-2.0,-2.0,0,0
574,-1.0,0.0,0.0,0.0,1.0,-2.0,-2.0,-2.0,0.0,0.0,-2.0,-1.0,-1.0,0.0,-2.0,1,1
575,1.0,2.0,2.0,-2.0,1.0,-2.0,-2.0,-2.0,2.0,1.0,-2.0,0.0,0.0,2.0,-2.0,1,1
576,2.0,-2.0,-2.0,2.0,-2.0,-2.0,-2.0,-2.0,1.0,2.0,-2.0,1.2999999999999998,1.2999999999999998,1.0,-2.0,1,1
577,1.0,-2.0,-2.0,0.7000000000000002,-2.0,-2.0,-2.0,0.7000000000000002,1.0,2.0,1.0,-2.0,-2.0,0.0,-2.0,0,0
578,0.0,0.0,0.0,0.0,0.0,1.7000000000000002,-2.0,-2.0,2.0,2.0,-2.0,1.0,1.0,1.0,-2.0,1,1
579,0.2999999999999998,-2.0,2.0,-0.30000000000000004,-2.0,-2.0,-2.0,-2.0,-2.0,-2.0,1.0,-2.0,-2.0,-2.0,-2.0,0,1
580,2.0,2.0,1.0,1.0,-1.0,1.0,-2.0,-2.0,2.0,2.0,2.0,-2.0,-2.0,1.0,-2.0,1,1
581,0.7000000000000002,-2.0,-2.0,-2.0,-2.0,-2.0,-2.0,-2.0,1.0,0.0,-2.0,0.0,-2.0,-2.0,-2.0,0,0
582,-2.0,-2.0,-2.0,-2.0,-2.0,-2.0,-2.0,-2.0,-2.0,-2.0,-2.0,-2.0,-2.0,-2.0,-2.0,0,0
583,1.0,0.0,0.2999999999999998,0.0,0.0,0.0,-2.0,-2.0,0.0,0.0,-2.0,-2.0,-2.0,-2.0,1.0,1,1
584,-2.0,0.0,0.7000000000000002,0.0,-0.30000000000000004,-2.0,2.0,-2.0,1.0,0.0,0.0,-2.0,-2.0,2.0,-2.0,1,1
585,0.0,0.7000000000000002,-2.0,-2.0,-2.0,-2.0,-2.0,1.0,0.2999999999999998,0.0,0.0,-2.0,-2.0,1.0,-2.0,0,0
586,0.0,-2.0,0.7000000000000002,0.2999999999999998,-2.0,-2.0,-2.0,2.0,2.0,1.2999999999999998,-2.0,-2.0,-2.0,-2.0,-2.0,0,0
587,-2.0,-2.0,-2.0,-2.0,-2.0,-2.0,-2.0,-2.0,-2.0,0.0,-2.0,-2.0,-2.0,0.0,-2.0,0,0
588,0.0,1.0,1.0,0.0,-1.3,-2.0,-2.0,-2.0,0.0,0.0,0.7000000000000002,-2.0,-2.0,1.0,-2.0,1,1
589,1.0,1.0,0.0,0.7000000000000002,0.2999999999999998,-2.0,-2.0,-2.0,1.7000000000000002,1.7000000000000002,1.0,-2.0,-2.0,1.0,-2.0,1,0
590,2.0,-1.0,-1.0,-2.0,-2.0,2.0,-2.0,-2.0,1.0,0.0,2.0,-2.0,-2.0,2.0,-2.0,0,0
591,1.0,1.2999999999999998,0.2999999999999998,1.0,-2.0,2.0,-2.0,-2.0,2.0,2.0,1.0,-2.0,-2.0,2.0,-2.0,1,0
592,0.2999999999999998,0.0,0.0,0.0,-2.0,-2.0,-2.0,-2.0,0.0,1.0,-1.0,-2.0,-2.0,-2.0,0.0,0,0
593,0.0,-2.0,-2.0,-1.0,-2.0,1.2999999999999998,-2.0,-2.0,1.0,0.0,1.0,-2.0,-2.0,0.0,-2.0,0,0
594,-2.0,-2.0,-2.0,-2.0,-2.0,-2.0,-2.0,-2.0,1.0,-2.0,-2.0,0.0,-2.0,-2.0,-2.0,0,0
595,2.0,0.0,1.0,-1.0,-0.30000000000000004,1.7000000000000002,-2.0,-2.0,0.0,1.0,2.0,-2.0,-2.0,1.0,-2.0,1,0
596,1.0,1.0,0.0,-2.0,-0.30000000000000004,-2.0,-2.0,-2.0,0.0,0.0,-2.0,-2.0,-2.0,1.0,-2.0,1,0
597,-2.0,0.0,1.0,0.0,-0.30000000000000004,1.7000000000000002,-2.0,-2.0,-1.0,1.0,0.0,-2.0,-2.0,0.7000000000000002,-2.0,1,1
598,-2.0,2.0,2.0,2.0,2.0,-2.0,-2.0,-2.0,2.0,1.2999999999999998,1.2999999999999998,-2.0,-2.0,-2.0,2.0,1,1
599,-2.0,-2.0,-2.0,-1.0,-2.0,-2.0,-2.0,-2.0,0.0,0.0,0.0,-2.0,-2.0,-2.0,-2.0,0,0
600,-2.0,-2.0,-2.0,-2.0,-2.0,-2.0,-2.0,-2.0,-2.0,-1.0,-2.0,-2.0,-2.0,1.0,-2.0,0,0
601,2.0,1.0,2.0,1.2999999999999998,1.2999999999999998,2.0,-2.0,-2.0,2.0,2.0,2.0,-2.0,2.0,2.0,-2.0,1,1
602,1.0,2.0,-2.0,-2.0,-2.0,2.0,-2.0,-2.0,1.0,2.0,2.0,-2.0,-2.0,-2.0,-2.0,1,0
603,2.0,-2.0,-2.0,-2.0,-2.0,-2.0,-2.0,-2.0,2.0,1.0,2.0,-2.0,-2.0,-2.0,-2.0,0,0
604,1.0,-0.7,-2.0,0.0,-2.0,-2.0,-2.0,-2.0,-2.0,1.0,1.2999999999999998,-2.0,-2.0,-2.0,-2.0,0,0
605,-2.0,-2.0,-2.0,-2.0,-2.0,-2.0,-2.0,-2.0,-2.0,-2.0,1.0,-2.0,-2.0,-2.0,-2.0,0,0
606,2.0,1.0,1.0,2.0,1.0,1.2999999999999998,-2.0,-2.0,1.0,1.0,0.0,-2.0,-2.0,-2.0,2.0,1,0
607,1.0,0.0,0.2999999999999998,1.2999999999999998,-1.0,-2.0,1.0,-2.0,0.0,0.0,-2.0,2.0,-2.0,2.0,-2.0,1,0
608,-0.7,-2.0,-2.0,-2.0,-2.0,-0.7,-2.0,-2.0,-2.0,-2.0,1.7000000000000002,-2.0,-2.0,-2.0,-2.0,0,0
609,-0.30000000000000004,1.0,-1.0,0.0,-2.0,0.7000000000000002,-2.0,-2.0,1.0,0.0,0.7000000000000002,-2.0,-2.0,-2.0,-2.0,0,1
610,1.0,-2.0,-2.0,-2.0,-2.0,-2.0,-2.0,-2.0,0.0,0.0,1.0,-2.0,-2.0,-2.0,-2.0,0,0
611,-2.0,-2.0,-2.0,-2.0,-2.0,-2.0,-2.0,-2.0,1.0,1.0,-1.0,-2.0,-2.0,0.0,-2.0,0,0
612,1.0,-2.0,0.7000000000000002,-2.0,-2.0,-2.0,-2.0,-2.0,0.2999999999999998,0.7000000000000002,-2.0,-2.0,-2.0,-2.0,0.7000000000000002,0,0
613,2.0,2.0,2.0,1.7000000000000002,1.7000000000000002,-2.0,-2.0,-2.0,-2.0,-2.0,-2.0,-2.0,-2.0,-2.0,1.7000000000000002,1,1
614,2.0,2.0,0.2999999999999998,1.2999999999999998,1.0,-2.0,-2.0,-2.0,2.0,2.0,-2.0,-2.0,-2.0,-2.0,2.0,1,1
615,1.0,1.0,-0.30000000000000004,0.0,1.0,-2.0,-2.0,-2.0,-2.0,-2.0,-2.0,1.0,1.0,-2.0,-2.0,1,1
616,0.0,-2.0,-2.0,-2.0,-2.0,-2.0,-2.0,-2.0,0.0,2.0,-2.0,-2.0,-2.0,0.0,-2.0,0,0
617,2.0,1.0,0.7000000000000002,1.0,-2.0,2.0,-2.0,-2.0,1.0,1.0,2.0,-1.0,-1.0,1.0,-2.0,1,0
618,1.0,-2.0,-2.0,-2.0,-2.0,2.0,-2.0,-2.0,0.0,0.0,1.0,-2.0,-2.0,2.0,-2.0,0,0
619,2.0,-2.0,0.7000000000000002,-2.0,-2.0,-2.0,-2.0,-2.0,1.0,2.0,1.0,-2.0,-2.0,0.0,-2.0,0,0
620,-2.0,-2.0,-2.0,-2.0,-2.0,-2.0,-2.0,-2.0,-2.0,1.0,1.2999999999999998,-2.0,-2.0,2.0,-2.0,0,0
621,0.0,-2.0,-2.0,-1.0,-2.0,-2.0,-2.0,-2.0,1.0,0.0,-0.30000000000000004,-2.0,-2.0,-2.0,-0.30000000000000004,0,0
622,2.0,-2.0,-2.0,0.7000000000000002,-2.0,0.7000000000000002,-2.0,-2.0,1.0,1.0,1.2999999999999998,-2.0,-2.0,-2.0,-2.0,0,0
623,0.0,0.0,0.0,0.0,-0.30000000000000004,-2.0,0.2999999999999998,-2.0,-2.0,0.0,0.0,-2.0,-2.0,0.0,-2.0,1,0
624,0.0,0.0,2.0,0.7000000000000002,0.2999999999999998,-2.0,-2.0,-2.0,2.0,0.0,0.0,-2.0,-2.0,0.2999999999999998,-2.0,1,1
625,1.0,-1.0,0.2999999999999998,0.2999999999999998,-2.0,2.0,-2.0,-2.0,2.0,1.0,-2.0,-2.0,-2.0,2.0,-2.0,1,0
626,2.0,-2.0,-0.7,0.0,-1.3,-2.0,-2.0,-2.0,1.0,0.0,-2.0,-2.0,-2.0,-2.0,0.0,0,1
627,0.0,0.0,1.0,-0.30000000000000004,0.7000000000000002,-2.0,-2.0,-2.0,0.0,0.7000000000000002,0.7000000000000002,-2.0,-2.0,0.0,-2.0,1,1
628,1.0,1.7000000000000002,2.0,2.0,-2.0,2.0,-2.0,-2.0,2.0,1.0,-2.0,2.0,2.0,0.0,-2.0,1,0
629,1.0,1.0,-1.0,0.0,-1.3,-2.0,-2.0,-2.0,1.0,1.0,-2.0,-2.0,-2.0,-2.0,-2.0,1,1
630,0.0,-2.0,-2.0,-0.30000000000000004,-2.0,0.0,-2.0,-2.0,2.0,1.0,2.0,-2.0,-2.0,2.0,-2.0,0,0
631,0.0,0.0,0.7000000000000002,2.0,1.0,-2.0,-2.0,-2.0,1.0,0.0,1.0,-2.0,1.0,1.0,-2.0,1,1
632,-2.0,2.0,2.0,2.0,2.0,-2.0,-2.0,-2.0,2.0,1.2999999999999998,-2.0,1.2999999999999998,-2.0,2.0,-2.0,1,1
633,1.0,0.0,0.2999999999999998,0.2999999999999998,0.0,0.0,-2.0,-2.0,1.0,1.0,1.0,-2.0,-2.0,0.0,-2.0,1,0
634,1.0,1.0,0.0,0.0,0.0,1.0,-2.0,-2.0,2.0,2.0,-2.0,1.0,1.0,2.0,-2.0,1,1
635,1.0,1.0,1.0,0.7000000000000002,1.0,-2.0,-2.0,-2.0,2.0,2.0,2.0,-2.0,-2.0,-2.0,1.7000000000000002,1,1
636,1.0,-2.0,-2.0,-2.0,-2.0,-2.0,-2.0,-2.0,-2.0,1.0,0.0,-2.0,0.0,-1.0,-2.0,0,0
637,0.0,0.0,-2.0,-2.0,-2.0,-2.0,-2.0,-2.0,0.0,0.0,-2.0,-2.0,-2.0,0.0,-2.0,0,0
638,1.0,2.0,1.0,0.7000000000000002,0.7000000000000002,1.2999999999999998,-2.0,-2.0,1.0,1.0,2.0,-2.0,-2.0,1.0,-2.0,1,1
639,0.0,1.0,0.0,-0.7,-0.7,-2.0,-2.0,-2.0,1.0,0.0,-2.0,-2.0,-2.0,1.0,-2.0,1,1
640,0.0,-2.0,-2.0,-2.0,-2.0,-2.0,-2.0,-2.0,2.0,0.0,-2.0,-2.0,-2.0,1.0,-2.0,0,0
641,-2.0,-2.0,-1.3,-1.0,-2.0,1.7000000000000002,-2.0,-2.0,2.0,2.0,2.0,-2.0,-2.0,-2.0,1.2999999999999998,0,0
642,0.0,-0.30000000000000004,0.2999999999999998,1.0,-2.0,0.0,-2.0,-2.0,0.0,1.0,0.0,-2.0,-2.0,0.0,-2.0,1,0
643,1.0,0.0,1.0,0.0,0.0,2.0,-2.0,-2.0,1.0,0.2999999999999998,0.7000000000000002,-2.0,-2.0,1.0,-2.0,1,0
644,1.0,-2.0,-2.0,-2.0,-2.0,-2.0,-2.0,-2.0,0.2999999999999998,0.0,-2.0,-2.0,-2.0,0.0,-2.0,0,0
645,-2.0,2.0,1.0,2.0,1.0,2.0,-2.0,-2.0,0.2999999999999998,1.2999999999999998,1.7000000000000002,-2.0,-2.0,1.2999999999999998,-2.0,1,1
646,0.0,-2.0,-2.0,-1.3,-2.0,0.7000000000000002,-2.0,-2.0,0.0,-1.3,2.0,-2.0,-2.0,1.0,-2.0,0,0
647,-2.0,-2.0,-2.0,-2.0,-2.0,-2.0,-2.0,-2.0,-2.0,-2.0,-2.0,-2.0,-2.0,-2.0,-2.0,0,0
648,-1.3,-2.0,1.0,0.2999999999999998,-1.0,-2.0,-2.0,-2.0,-0.30000000000000004,0.0,-2.0,-2.0,-2.0,0.0,-2.0,0,1
649,0.0,0.0,0.7000000000000002,-2.0,-2.0,-2.0,-2.0,-2.0,0.0,0.0,0.0,-2.0,-2.0,-2.0,0.7000000000000002,0,0
650,1.0,1.0,0.0,1.0,-0.30000000000000004,0.0,-2.0,-2.0,2.0,2.0,0.2999999999999998,-2.0,-2.0,1.0,-2.0,1,1
651,1.0,-2.0,-2.0,-2.0,-2.0,-2.0,-2.0,-2.0,1.0,-1.0,0.7000000000000002,-2.0,-2.0,2.0,-2.0,0,0
652,0.0,2.0,1.0,1.2999999999999998,2.0,1.0,-2.0,-2.0,1.0,2.0,-2.0,0.0,0.0,2.0,-2.0,1,1
653,-2.0,-2.0,-2.0,-2.0,-2.0,-2.0,-2.0,-2.0,-2.0,-2.0,2.0,-2.0,-2.0,-2.0,-2.0,0,0
654,-2.0,-2.0,-2.0,-2.0,-2.0,-2.0,-2.0,-2.0,-2.0,-2.0,-2.0,-2.0,-2.0,-2.0,-2.0,0,0
655,-2.0,-2.0,-2.0,-2.0,-2.0,2.0,-2.0,-2.0,-2.0,-0.7,-2.0,-2.0,-2.0,-2.0,-2.0,0,0
656,1.0,0.0,-1.0,0.0,0.0,0.7000000000000002,-2.0,-2.0,1.0,-2.0,0.2999999999999998,-2.0,-2.0,-2.0,-2.0,1,1
657,2.0,1.0,1.2999999999999998,-0.30000000000000004,0.7000000000000002,-2.0,-2.0,-2.0,2.0,1.0,1.0,-2.0,-2.0,1.0,-2.0,1,1
658,-2.0,-2.0,-2.0,-2.0,-2.0,-2.0,-2.0,-2.0,-2.0,-2.0,-2.0,-2.0,-2.0,-2.0,-2.0,0,0
659,-2.0,-2.0,-2.0,-2.0,-2.0,-2.0,-2.0,-2.0,-2.0,-2.0,-2.0,-2.0,-2.0,-2.0,-2.0,0,0
660,1.0,0.0,-0.30000000000000004,0.7000000000000002,-0.30000000000000004,-2.0,0.2999999999999998,-2.0,1.0,0.0,2.0,-2.0,-2.0,0.0,-2.0,1,1
661,2.0,-1.0,0.7000000000000002,0.0,-1.3,0.0,-2.0,-2.0,2.0,1.0,-2.0,-2.0,-2.0,1.0,-2.0,1,1
662,-1.0,0.0,-1.0,-2.0,-2.0,1.7000000000000002,-2.0,-2.0,0.0,0.0,1.0,-2.0,-2.0,0.7000000000000002,-2.0,0,0
663,0.2999999999999998,-1.0,0.0,-1.3,-2.0,0.2999999999999998,-2.0,-2.0,0.0,0.0,0.0,-2.0,-2.0,0.7000000000000002,-2.0,0,0
664,-2.0,-2.0,-2.0,-2.0,-2.0,-2.0,-2.0,-2.0,-2.0,-2.0,-2.0,-2.0,-2.0,-2.0,-2.0,0,0
665,-2.0,-2.0,-2.0,-2.0,-2.0,1.0,-2.0,-2.0,-2.0,1.0,-2.0,-2.0,-2.0,-2.0,-2.0,0,0
666,-2.0,-2.0,-2.0,-2.0,-2.0,1.0,-2.0,-2.0,0.0,1.0,2.0,-2.0,-2.0,2.0,-2.0,0,0
667,-2.0,-2.0,1.0,-2.0,1.7000000000000002,-2.0,-2.0,-2.0,0.7000000000000002,0.7000000000000002,-2.0,1.2999999999999998,1.7000000000000002,-2.0,-2.0,0,0
668,1.0,-0.30000000000000004,0.2999999999999998,0.0,-1.3,1.7000000000000002,-2.0,-2.0,0.0,0.0,-2.0,-2.0,-2.0,2.0,-2.0,1,1
669,0.0,-2.0,-2.0,0.0,-2.0,1.0,-2.0,-2.0,0.0,0.0,0.0,-2.0,-2.0,-2.0,-2.0,0,0
670,1.0,0.0,0.7000000000000002,1.0,0.0,-2.0,-2.0,-2.0,1.0,2.0,-2.0,-2.0,-2.0,0.0,-2.0,1,1
671,0.2999999999999998,-2.0,0.0,0.7000000000000002,0.0,-2.0,-2.0,-2.0,-1.0,-1.0,-2.0,-2.0,-2.0,0.7000000000000002,-2.0,0,0
672,1.2999999999999998,0.0,0.0,-0.30000000000000004,-2.0,2.0,-2.0,-2.0,0.0,0.0,-2.0,0.0,-2.0,2.0,-2.0,1,0
673,-2.0,0.0,0.0,-2.0,-2.0,-2.0,0.0,-2.0,0.0,1.0,-2.0,-2.0,-2.0,-2.0,-0.7,0,0
674,2.0,1.0,2.0,1.2999999999999998,2.0,2.0,-2.0,-2.0,1.0,2.0,-2.0,0.0,0.0,2.0,-2.0,1,1
675,-1.0,-2.0,-2.0,-2.0,-2.0,-2.0,-2.0,-2.0,-2.0,-2.0,1.0,2.0,-2.0,-2.0,-2.0,0,0
676,2.0,-2.0,0.2999999999999998,-2.0,-2.0,-2.0,-2.0,-2.0,0.0,1.2999999999999998,2.0,-2.0,-2.0,2.0,-2.0,0,0
677,1.0,-2.0,-2.0,-2.0,-2.0,-2.0,-2.0,-2.0,-2.0,2.0,0.0,-2.0,-2.0,-0.30000000000000004,-2.0,0,0
678,-2.0,-2.0,-2.0,-2.0,-2.0,-2.0,-2.0,-2.0,0.7000000000000002,0.7000000000000002,-2.0,-2.0,-2.0,2.0,-2.0,0,0
679,1.0,-1.0,1.0,0.2999999999999998,-0.30000000000000004,2.0,-2.0,-2.0,1.0,1.0,-2.0,-2.0,-2.0,0.0,-2.0,1,0
680,0.0,0.0,1.0,0.0,0.0,-2.0,-2.0,-2.0,1.7000000000000002,-2.0,1.0,-2.0,-2.0,-2.0,1.7000000000000002,1,1
681,0.0,0.0,0.0,-0.7,-0.30000000000000004,-2.0,-2.0,-2.0,0.0,1.0,0.0,-2.0,-2.0,-1.0,-2.0,1,0
682,-2.0,-2.0,-2.0,-2.0,-2.0,-2.0,-2.0,-2.0,-2.0,-2.0,-2.0,-2.0,-2.0,-1.0,-2.0,0,0
683,1.0,0.0,0.0,0.2999999999999998,-1.0,-2.0,-2.0,-2.0,0.0,0.0,-2.0,-2.0,-2.0,-2.0,-2.0,1,1
684,-2.0,-2.0,-2.0,-2.0,-2.0,2.0,-2.0,-2.0,2.0,1.0,-2.0,0.0,0.0,0.0,-2.0,0,0
685,2.0,-2.0,-2.0,-2.0,-2.0,-2.0,-2.0,2.0,1.7000000000000002,-2.0,-2.0,1.7000000000000002,-2.0,-2.0,0.0,0,0
686,1.0,0.0,0.7000000000000002,0.0,0.0,-2.0,-2.0,-2.0,2.0,2.0,1.0,-2.0,-2.0,-2.0,1.2999999999999998,1,0
687,0.0,1.0,0.2999999999999998,0.0,-0.30000000000000004,1.2999999999999998,-2.0,-2.0,0.0,0.0,0.0,-2.0,-2.0,-1.0,-2.0,1,1
688,0.0,2.0,0.7000000000000002,0.0,0.0,-2.0,-2.0,-2.0,0.0,0.0,0.0,0.0,-2.0,1.7000000000000002,-2.0,1,1
689,2.0,-2.0,-2.0,-2.0,-2.0,2.0,-2.0,-2.0,-2.0,2.0,0.0,-2.0,-2.0,1.7000000000000002,-2.0,0,0
690,2.0,2.0,1.2999999999999998,2.0,-2.0,2.0,-2.0,-2.0,2.0,2.0,1.7000000000000002,-2.0,-2.0,-2.0,1.2999999999999998,1,0
691,0.0,1.0,1.0,0.0,0.7000000000000002,-2.0,-2.0,-2.0,1.0,1.0,-2.0,-2.0,-2.0,1.0,-2.0,1,1
692,1.0,-2.0,-1.0,-2.0,-2.0,-2.0,-2.0,-2.0,1.0,0.0,1.0,-2.0,-2.0,-2.0,-2.0,0,0
693,0.0,0.0,2.0,-2.0,-2.0,-2.0,-2.0,-2.0,0.0,0.0,-2.0,-2.0,1.0,-2.0,2.0,0,1
694,0.0,2.0,1.0,-2.0,1.0,-2.0,-2.0,-2.0,0.0,0.0,-2.0,1.0,1.0,-2.0,0.7000000000000002,1,1
695,1.0,2.0,1.0,0.0,1.0,2.0,-2.0,-2.0,1.0,0.2999999999999998,0.0,-2.0,-2.0,2.0,-2.0,1,0
696,1.0,2.0,1.7000000000000002,2.0,1.0,-2.0,-2.0,-2.0,0.7000000000000002,-2.0,-2.0,1.7000000000000002,-2.0,-2.0,-2.0,1,1
697,-1.3,-1.0,0.0,-0.30000000000000004,0.0,-2.0,-2.0,-2.0,-0.7,-1.3,0.7000000000000002,-2.0,-2.0,-2.0,0.2999999999999998,0,1
698,-2.0,-2.0,-2.0,-2.0,-2.0,-2.0,-2.0,-2.0,0.7000000000000002,-2.0,-2.0,-2.0,-2.0,2.0,-2.0,0,0
699,-1.0,-2.0,-2.0,-2.0,-2.0,-2.0,-2.0,-2.0,-2.0,-2.0,-2.0,-2.0,-2.0,-2.0,-2.0,0,0
700,-2.0,-2.0,-2.0,-2.0,-2.0,-2.0,-2.0,-2.0,1.0,1.0,-2.0,-2.0,-2.0,-2.0,-2.0,0,0
701,-2.0,-2.0,-2.0,-2.0,-2.0,-2.0,-2.0,-2.0,-2.0,-2.0,-2.0,-2.0,-2.0,-2.0,-2.0,0,0
702,-2.0,-2.0,-2.0,-2.0,-2.0,-2.0,-2.0,-2.0,1.7000000000000002,1.7000000000000002,-2.0,-2.0,-1.0,-2.0,-2.0,0,0
703,1.0,1.0,0.0,0.7000000000000002,-2.0,-0.7,-2.0,-2.0,0.0,0.7000000000000002,-2.0,-2.0,-2.0,0.0,-2.0,1,0
704,0.0,-2.0,-2.0,-2.0,-2.0,1.0,-2.0,-2.0,-2.0,-2.0,-2.0,-2.0,-2.0,-2.0,-2.0,0,0
705,0.0,1.0,1.0,2.0,0.7000000000000002,-2.0,-2.0,-2.0,1.7000000000000002,1.2999999999999998,1.0,-2.0,-2.0,-2.0,0.2999999999999998,1,0
706,-2.0,0.0,0.0,-2.0,-1.3,-2.0,-2.0,-2.0,0.0,0.0,0.0,-2.0,-2.0,-2.0,-2.0,0,0
707,-2.0,-2.0,-2.0,-2.0,-2.0,-2.0,-2.0,-2.0,-2.0,-2.0,0.7000000000000002,-2.0,-2.0,-2.0,-2.0,0,0
708,-2.0,-2.0,0.0,-2.0,-2.0,-2.0,-2.0,-2.0,0.0,2.0,-2.0,-2.0,-2.0,0.0,-2.0,0,0
709,1.2999999999999998,1.2999999999999998,1.2999999999999998,0.7000000000000002,0.7000000000000002,-2.0,-2.0,2.0,1.0,1.0,-2.0,2.0,2.0,-2.0,1.0,1,1
710,-0.30000000000000004,0.0,0.0,0.2999999999999998,1.0,1.7000000000000002,-2.0,-2.0,-2.0,-2.0,-2.0,-2.0,-2.0,0.7000000000000002,-2.0,1,1
711,1.0,-1.0,1.2999999999999998,1.0,1.7000000000000002,-2.0,-2.0,-2.0,2.0,2.0,-2.0,1.0,1.0,1.0,-2.0,1,1
712,-2.0,-2.0,0.0,0.7000000000000002,-2.0,-2.0,-2.0,-2.0,1.0,0.0,0.0,-2.0,-2.0,1.0,-2.0,0,0
713,0.0,-2.0,-2.0,-2.0,-2.0,-2.0,-2.0,-2.0,0.7000000000000002,0.0,0.0,-2.0,-2.0,0.0,-2.0,0,0
714,-1.0,-2.0,-1.0,-2.0,-2.0,1.7000000000000002,-2.0,-2.0,1.7000000000000002,1.2999999999999998,-2.0,-2.0,-2.0,2.0,-2.0,0,0
715,-0.30000000000000004,0.0,0.0,-1.0,-2.0,-1.0,-2.0,-2.0,0.0,1.0,2.0,-2.0,2.0,2.0,-2.0,1,0
716,2.0,1.0,0.7000000000000002,1.0,0.2999999999999998,-2.0,-2.0,-2.0,2.0,2.0,0.0,-2.0,-2.0,-2.0,1.2999999999999998,1,1
717,2.0,1.0,0.0,1.7000000000000002,0.0,2.0,-2.0,-2.0,1.0,1.0,-2.0,2.0,2.0,1.0,-2.0,1,1
718,-2.0,-2.0,-2.0,-2.0,-2.0,-2.0,-2.0,-2.0,-2.0,-2.0,-2.0,-2.0,-2.0,2.0,-2.0,0,0
719,0.0,-2.0,-2.0,-2.0,-2.0,-2.0,-2.0,-2.0,0.0,0.0,-2.0,-2.0,-2.0,1.0,-2.0,0,0
720,-2.0,-2.0,-2.0,-2.0,-2.0,-1.3,-2.0,-2.0,-2.0,-2.0,0.0,-2.0,-2.0,-2.0,0.2999999999999998,0,0
721,2.0,-2.0,-2.0,1.7000000000000002,-2.0,-2.0,-2.0,-2.0,2.0,2.0,1.0,-2.0,-2.0,-2.0,-2.0,0,0
722,-2.0,-2.0,1.0,-2.0,0.7000000000000002,-2.0,-2.0,-2.0,2.0,-2.0,-2.0,-2.0,-2.0,-2.0,-2.0,0,1
723,0.2999999999999998,-2.0,-2.0,-2.0,-2.0,-1.0,-2.0,-2.0,0.2999999999999998,-0.30000000000000004,-2.0,-2.0,-2.0,-2.0,-0.30000000000000004,0,0
724,-2.0,-2.0,-2.0,-2.0,-2.0,-2.0,-2.0,-2.0,1.0,-2.0,-2.0,-2.0,-2.0,1.0,-2.0,0,0
725,1.0,2.0,2.0,2.0,1.0,-2.0,-2.0,-2.0,2.0,2.0,2.0,-2.0,-2.0,1.0,-2.0,1,0
726,-1.0,-2.0,0.7000000000000002,0.0,0.0,0.7000000000000002,-2.0,-2.0,0.0,0.0,0.0,-2.0,-2.0,1.2999999999999998,-2.0,1,0
727,1.0,1.7000000000000002,0.0,0.2999999999999998,-2.0,-2.0,-2.0,-2.0,2.0,2.0,0.2999999999999998,-2.0,-2.0,1.0,-2.0,1,0
728,-2.0,-2.0,-2.0,-2.0,-2.0,-2.0,-2.0,-2.0,-2.0,-2.0,-2.0,-2.0,-2.0,-2.0,-2.0,0,0
729,0.0,1.0,0.7000000000000002,1.7000000000000002,0.0,-2.0,2.0,-2.0,1.2999999999999998,-2.0,-2.0,-2.0,-2.0,-2.0,0.0,1,1
730,1.0,-2.0,-2.0,-2.0,-2.0,2.0,-2.0,-2.0,2.0,-2.0,1.0,-2.0,-2.0,-2.0,-2.0,0,0
731,-2.0,0.0,-1.0,0.7000000000000002,-0.30000000000000004,1.0,-2.0,-2.0,1.0,1.0,-2.0,-2.0,-2.0,1.0,-2.0,1,1
732,-2.0,-2.0,-2.0,-2.0,-2.0,-2.0,-2.0,-2.0,-2.0,-2.0,-2.0,-2.0,-2.0,1.0,-2.0,0,0
733,2.0,1.0,-2.0,0.7000000000000002,-2.0,2.0,-2.0,-2.0,1.0,2.0,-2.0,-2.0,-2.0,1.0,-2.0,1,0
734,0.0,-2.0,-2.0,-2.0,-2.0,1.0,-2.0,-2.0,0.0,0.0,2.0,-2.0,-2.0,-2.0,-2.0,0,0
735,-2.0,2.0,0.0,-2.0,-1.0,-2.0,-2.0,-2.0,2.0,2.0,-2.0,-2.0,-2.0,-2.0,-2.0,1,0
736,2.0,-2.0,-2.0,-2.0,-2.0,1.0,-2.0,-2.0,2.0,2.0,-2.0,2.0,-2.0,2.0,-2.0,0,0
737,1.0,0.0,0.0,0.0,-1.0,-2.0,-2.0,-2.0,1.0,1.0,0.0,-2.0,-2.0,1.7000000000000002,-2.0,1,0
738,0.0,0.0,1.0,2.0,0.7000000000000002,1.0,-2.0,-2.0,2.0,1.0,-2.0,-2.0,-2.0,1.0,-2.0,1,0
739,-2.0,-2.0,-2.0,-2.0,-2.0,-2.0,-2.0,-2.0,-2.0,-2.0,-2.0,-2.0,-2.0,1.0,-2.0,0,0
740,2.0,0.0,1.2999999999999998,2.0,1.2999999999999998,2.0,-2.0,-2.0,1.0,2.0,-2.0,2.0,-2.0,2.0,-2.0,1,1
741,-2.0,1.0,-1.0,-2.0,0.7000000000000002,1.0,-2.0,-2.0,1.0,2.0,-2.0,1.0,-2.0,0.0,-2.0,1,1
742,-2.0,-2.0,-2.0,-2.0,-2.0,1.7000000000000002,-2.0,-2.0,2.0,1.0,-2.0,2.0,-2.0,-2.0,-0.7,0,0
743,-2.0,0.0,-0.30000000000000004,0.0,0.0,0.0,-2.0,-2.0,0.0,1.0,1.0,-2.0,-2.0,0.0,-2.0,1,1
744,-2.0,-1.0,-0.7,1.0,-0.30000000000000004,0.0,-2.0,-2.0,1.0,1.0,0.0,-2.0,0.0,2.0,-2.0,1,0
745,2.0,0.0,0.0,-1.0,-0.30000000000000004,-2.0,0.0,-2.0,1.0,0.0,-2.0,-2.0,-2.0,0.0,-2.0,1,1
746,1.0,-1.0,-2.0,0.0,0.0,0.0,-2.0,-2.0,1.0,0.0,-2.0,-2.0,-2.0,0.2999999999999998,-2.0,0,1
747,1.0,1.0,1.0,1.0,-2.0,1.0,-2.0,-2.0,-2.0,2.0,2.0,-2.0,-2.0,-2.0,-1.0,1,0
748,1.0,-2.0,0.0,-2.0,-2.0,-2.0,-2.0,-2.0,0.0,0.0,-2.0,-2.0,-2.0,1.0,-2.0,0,0
749,1.7000000000000002,1.0,0.0,0.2999999999999998,1.2999999999999998,2.0,-2.0,-2.0,0.0,-0.7,0.7000000000000002,-2.0,-2.0,1.0,-2.0,1,1
750,0.0,1.0,1.0,-0.7,0.0,-2.0,-2.0,-2.0,1.0,1.0,-2.0,2.0,-2.0,0.0,-2.0,1,1
751,1.0,0.0,1.2999999999999998,0.0,0.2999999999999998,1.0,-2.0,-2.0,0.0,0.7000000000000002,0.0,-2.0,-2.0,1.0,-2.0,1,1
752,2.0,1.2999999999999998,1.0,0.0,-2.0,2.0,-2.0,-2.0,1.0,1.0,0.0,-2.0,-2.0,1.0,-2.0,1,0
753,1.0,0.0,0.0,0.7000000000000002,1.0,-2.0,1.0,-2.0,1.0,1.0,-2.0,0.0,-2.0,-2.0,0.2999999999999998,1,1
754,2.0,2.0,2.0,2.0,2.0,-2.0,-2.0,-2.0,2.0,2.0,-2.0,2.0,-2.0,-2.0,2.0,1,1
755,2.0,-2.0,-2.0,-2.0,-2.0,2.0,-2.0,-2.0,2.0,2.0,-2.0,0.0,-2.0,-2.0,1.0,0,0
756,2.0,2.0,1.7000000000000002,0.0,-2.0,1.0,-2.0,-2.0,2.0,2.0,-2.0,0.0,0.0,1.0,-2.0,1,0
757,0.0,-2.0,1.2999999999999998,-2.0,-2.0,-2.0,-2.0,-2.0,-2.0,0.0,1.7000000000000002,-2.0,-2.0,-2.0,2.0,0,0
758,2.0,1.0,2.0,1.0,1.7000000000000002,-2.0,-2.0,-2.0,1.0,2.0,-2.0,0.0,0.0,1.0,-2.0,1,1
759,1.7000000000000002,-2.0,1.0,1.2999999999999998,-2.0,-2.0,-2.0,-2.0,2.0,1.0,-2.0,1.0,1.0,2.0,-2.0,1,0
760,2.0,-2.0,-2.0,-2.0,-2.0,1.0,-2.0,-2.0,2.0,2.0,-2.0,-2.0,-2.0,2.0,-2.0,0,0
761,2.0,1.0,1.2999999999999998,2.0,1.0,2.0,-2.0,-2.0,2.0,-2.0,1.0,-2.0,-2.0,2.0,-2.0,1,1
762,0.2999999999999998,-2.0,-2.0,-2.0,-2.0,-1.3,-2.0,-2.0,2.0,2.0,2.0,-2.0,-2.0,0.0,-2.0,0,0
763,2.0,0.0,-0.7,0.2999999999999998,1.2999999999999998,-2.0,-2.0,-2.0,0.0,0.0,-2.0,-2.0,-2.0,1.0,-2.0,1,1
764,-2.0,0.7000000000000002,0.0,-2.0,1.0,-2.0,-2.0,-2.0,1.0,0.0,-2.0,-2.0,-2.0,-2.0,-2.0,0,1
765,0.0,0.0,-2.0,0.2999999999999998,-1.0,1.0,-2.0,-2.0,1.0,0.0,0.0,-2.0,-2.0,1.0,-2.0,1,1
766,1.0,2.0,0.2999999999999998,0.2999999999999998,2.0,1.7000000000000002,-2.0,-2.0,1.0,1.0,1.7000000000000002,-2.0,-2.0,0.2999999999999998,-2.0,1,0
767,1.0,1.0,1.0,0.7000000000000002,-1.0,-2.0,1.0,-2.0,2.0,1.0,-2.0,-2.0,-2.0,-2.0,-2.0,1,1
768,2.0,-2.0,0.0,-2.0,-2.0,-2.0,-2.0,-2.0,1.0,1.0,-2.0,-2.0,-2.0,0.0,-2.0,0,0
769,1.0,2.0,2.0,1.7000000000000002,2.0,-2.0,-2.0,-2.0,2.0,-2.0,-2.0,-2.0,-2.0,-2.0,2.0,1,1
770,2.0,0.0,0.0,-2.0,-2.0,-2.0,-2.0,-2.0,2.0,1.0,-2.0,2.0,2.0,2.0,-2.0,1,0
771,-2.0,-2.0,-2.0,-2.0,-2.0,1.7000000000000002,-2.0,-2.0,-2.0,-2.0,-1.0,-2.0,-2.0,1.0,-2.0,0,0
772,-2.0,1.0,1.0,0.0,0.2999999999999998,-2.0,-2.0,-2.0,1.0,-2.0,-2.0,1.2999999999999998,-2.0,1.0,-2.0,1,0
773,2.0,2.0,2.0,2.0,2.0,2.0,-2.0,-2.0,2.0,2.0,-2.0,-2.0,-2.0,2.0,-2.0,1,1
774,0.0,0.0,0.2999999999999998,0.0,0.2999999999999998,-2.0,-2.0,-2.0,1.0,1.0,-2.0,-2.0,-2.0,2.0,-2.0,1,1
775,0.0,0.0,-0.30000000000000004,0.2999999999999998,-2.0,0.2999999999999998,-2.0,-2.0,2.0,0.0,-2.0,-2.0,-2.0,0.0,-2.0,1,0
776,-2.0,1.0,0.2999999999999998,-2.0,-2.0,-2.0,-2.0,-2.0,1.0,1.0,-2.0,0.0,0.0,1.0,-2.0,0,0
777,1.0,-2.0,-2.0,-1.0,-2.0,-2.0,-2.0,-2.0,1.0,0.0,-2.0,-2.0,-2.0,1.0,-2.0,0,0
778,2.0,1.7000000000000002,1.0,0.7000000000000002,-2.0,2.0,-2.0,-2.0,1.0,2.0,-2.0,1.0,1.0,2.0,-2.0,1,0
779,1.0,0.0,-0.30000000000000004,-0.30000000000000004,-2.0,1.0,-2.0,-2.0,1.0,0.0,1.0,-2.0,-2.0,1.0,-2.0,1,0
780,-2.0,-2.0,-2.0,-2.0,-2.0,-2.0,-2.0,-2.0,-2.0,-2.0,-2.0,-2.0,-2.0,-2.0,-2.0,0,0
781,2.0,2.0,2.0,2.0,2.0,2.0,-2.0,-2.0,2.0,1.0,-2.0,2.0,-2.0,2.0,-2.0,1,0
782,2.0,0.0,1.7000000000000002,0.7000000000000002,-0.30000000000000004,-2.0,-2.0,-2.0,1.0,1.0,-2.0,-2.0,-2.0,-2.0,2.0,1,1
783,0.0,0.0,1.0,0.0,-1.0,-2.0,0.0,-2.0,1.0,2.0,-2.0,-2.0,-2.0,0.0,-2.0,1,1
784,0.0,-2.0,-2.0,-2.0,-2.0,-2.0,-2.0,-2.0,0.0,0.0,-2.0,-2.0,-2.0,-2.0,-2.0,0,0
785,1.2999999999999998,2.0,0.7000000000000002,1.2999999999999998,1.0,2.0,-2.0,-2.0,1.0,1.2999999999999998,-2.0,-2.0,-2.0,1.0,-2.0,1,1
786,0.2999999999999998,-0.30000000000000004,0.7000000000000002,0.0,-2.0,-2.0,1.7000000000000002,-2.0,2.0,1.0,1.2999999999999998,1.2999999999999998,-2.0,-2.0,-2.0,1,0
787,0.0,0.0,-0.30000000000000004,-0.7,1.0,-2.0,-2.0,-2.0,1.0,1.7000000000000002,-2.0,-2.0,-2.0,-2.0,0.2999999999999998,1,1
788,1.0,0.0,1.7000000000000002,0.2999999999999998,-0.30000000000000004,-2.0,-2.0,-2.0,2.0,2.0,-2.0,0.0,0.0,2.0,-2.0,1,1
789,1.0,-1.0,-0.7,0.0,0.7000000000000002,-2.0,-2.0,0.7000000000000002,0.0,0.0,0.0,-1.0,-1.0,0.0,-2.0,1,1
790,2.0,-1.0,-2.0,-1.0,-1.3,-2.0,0.2999999999999998,-2.0,-0.30000000000000004,0.0,-2.0,0.0,0.0,1.0,-2.0,0,0
791,1.0,0.0,0.7000000000000002,0.0,-1.0,-2.0,-2.0,-2.0,1.0,0.0,-2.0,-2.0,-2.0,-2.0,0.0,1,1
792,-2.0,-2.0,-2.0,-2.0,-2.0,-2.0,-2.0,-2.0,2.0,-2.0,1.2999999999999998,-2.0,-2.0,-2.0,-2.0,0,0
793,-2.0,-2.0,-2.0,-2.0,-2.0,-2.0,-2.0,-2.0,-2.0,-2.0,-2.0,-2.0,-2.0,-2.0,-2.0,0,0
794,0.2999999999999998,1.0,1.0,1.2999999999999998,0.0,1.7000000000000002,-2.0,-2.0,0.7000000000000002,0.7000000000000002,0.0,-2.0,-2.0,2.0,-2.0,1,0
795,-2.0,-2.0,-2.0,-2.0,-2.0,-2.0,-2.0,-2.0,0.7000000000000002,0.2999999999999998,-2.0,-2.0,-2.0,-0.7,-2.0,0,0
796,-2.0,0.0,-2.0,-2.0,-2.0,1.0,-2.0,-2.0,2.0,2.0,-2.0,-2.0,-2.0,2.0,-2.0,0,0
797,-0.30000000000000004,1.0,0.7000000000000002,-2.0,1.0,-2.0,-2.0,-2.0,-2.0,1.2999999999999998,-2.0,-2.0,-2.0,0.0,-2.0,1,1
798,-2.0,-2.0,-2.0,-2.0,-2.0,-2.0,-2.0,-2.0,-2.0,-2.0,-2.0,2.0,-2.0,-2.0,-2.0,0,0
799,0.2999999999999998,-2.0,-1.0,-1.0,-2.0,-2.0,-2.0,-2.0,-1.0,0.2999999999999998,-2.0,-2.0,-2.0,2.0,-2.0,0,0
800,2.0,2.0,2.0,1.7000000000000002,1.0,-2.0,-2.0,-2.0,2.0,2.0,1.0,-2.0,-2.0,-2.0,-2.0,1,1
801,-2.0,-2.0,-2.0,-2.0,-2.0,2.0,-2.0,-2.0,-2.0,-2.0,-2.0,2.0,2.0,2.0,-2.0,0,0
802,-2.0,-2.0,-2.0,-2.0,-2.0,-2.0,-2.0,-2.0,-2.0,-2.0,-2.0,-2.0,-2.0,0.0,-2.0,0,0
803,1.0,2.0,1.0,2.0,2.0,2.0,-2.0,-2.0,2.0,2.0,2.0,-2.0,-2.0,-2.0,2.0,1,1
804,0.0,2.0,1.0,-1.0,1.7000000000000002,-2.0,-2.0,-2.0,2.0,0.0,0.0,-2.0,-2.0,-2.0,-1.3,1,1
805,-2.0,-2.0,-2.0,-2.0,-2.0,-2.0,-2.0,-2.0,-2.0,-2.0,2.0,-2.0,-2.0,-2.0,-2.0,0,0
806,-2.0,-2.0,-2.0,-2.0,-2.0,0.2999999999999998,-2.0,-2.0,-2.0,-2.0,-2.0,-2.0,-2.0,-2.0,-2.0,0,0
807,2.0,1.0,0.2999999999999998,2.0,-0.30000000000000004,-2.0,2.0,-2.0,2.0,2.0,1.7000000000000002,-2.0,-2.0,0.0,-2.0,1,1
808,0.0,-1.0,-2.0,-2.0,-2.0,-2.0,-2.0,-2.0,0.0,0.2999999999999998,-2.0,-2.0,-2.0,0.0,-2.0,0,0
809,2.0,1.0,2.0,-2.0,-2.0,2.0,-2.0,-2.0,2.0,2.0,-2.0,-2.0,-2.0,2.0,-2.0,1,0
810,0.0,2.0,1.7000000000000002,1.2999999999999998,0.7000000000000002,1.0,-2.0,-2.0,2.0,2.0,-2.0,2.0,-2.0,-2.0,-2.0,1,0
811,1.0,2.0,1.7000000000000002,2.0,-2.0,-2.0,1.2999999999999998,-2.0,2.0,2.0,2.0,-2.0,-2.0,1.0,-2.0,1,0
812,2.0,1.0,1.0,1.2999999999999998,1.0,1.0,-2.0,-2.0,2.0,2.0,2.0,-2.0,-2.0,-2.0,-2.0,1,1
813,0.0,-1.0,-1.0,-2.0,0.0,-2.0,-2.0,-2.0,1.0,1.0,-2.0,0.0,0.0,-1.0,-2.0,0,1
814,0.0,-2.0,-2.0,-2.0,-2.0,0.0,-2.0,-2.0,-1.0,-1.0,-2.0,-2.0,-2.0,0.2999999999999998,-2.0,0,0
815,-2.0,-2.0,-2.0,-2.0,-2.0,0.7000000000000002,-2.0,-2.0,2.0,0.0,1.0,-2.0,-2.0,-2.0,0.2999999999999998,0,0
816,0.0,1.0,0.0,0.0,1.0,-2.0,-2.0,-2.0,1.0,-2.0,0.0,-2.0,-2.0,0.0,-2.0,1,1
817,-2.0,-2.0,2.0,-2.0,-2.0,-2.0,-2.0,-2.0,0.7000000000000002,0.0,1.2999999999999998,-2.0,-2.0,-2.0,-2.0,0,0
818,-2.0,-2.0,-2.0,-2.0,-2.0,-2.0,-2.0,-2.0,-2.0,-2.0,-2.0,-2.0,-2.0,-2.0,-2.0,0,0
819,2.0,2.0,2.0,2.0,2.0,-2.0,-2.0,-2.0,2.0,2.0,-2.0,-2.0,-2.0,-2.0,-2.0,1,1
820,-1.0,1.0,1.2999999999999998,0.2999999999999998,0.2999999999999998,-2.0,-2.0,-2.0,1.0,0.0,-2.0,-2.0,-2.0,-2.0,-1.0,1,0
821,1.0,-2.0,0.0,-0.30000000000000004,-1.0,-2.0,-2.0,-2.0,2.0,1.0,-2.0,-2.0,-2.0,2.0,-2.0,1,1
822,1.0,-1.0,-1.0,0.2999999999999998,1.0,-2.0,-2.0,-2.0,0.0,0.0,-2.0,0.0,0.0,2.0,-2.0,1,1
823,0.0,-2.0,-2.0,-2.0,-2.0,-2.0,-2.0,-2.0,0.0,2.0,0.0,-2.0,0.0,1.0,-2.0,0,0
824,-2.0,-2.0,-2.0,-2.0,-2.0,-2.0,-2.0,-2.0,0.2999999999999998,-2.0,-2.0,-2.0,-2.0,-2.0,-2.0,0,0
825,-2.0,-2.0,-2.0,-2.0,-2.0,-2.0,-2.0,-2.0,1.0,-2.0,-2.0,-2.0,-2.0,-2.0,-2.0,0,0
826,-2.0,-2.0,-2.0,-2.0,-2.0,-2.0,-2.0,-2.0,1.0,0.0,-2.0,-2.0,-2.0,0.0,-2.0,0,0
827,-2.0,2.0,2.0,2.0,2.0,-2.0,-2.0,-2.0,-2.0,-2.0,-2.0,-2.0,-2.0,-2.0,-2.0,1,1
828,2.0,1.0,1.7000000000000002,0.0,0.2999999999999998,-2.0,-2.0,-2.0,1.0,0.0,-2.0,-2.0,-2.0,2.0,-2.0,1,1
829,-2.0,-2.0,-2.0,-2.0,-2.0,2.0,-2.0,-2.0,1.0,0.0,2.0,-2.0,-2.0,-2.0,-2.0,0,0
830,1.0,2.0,2.0,1.7000000000000002,1.7000000000000002,2.0,-2.0,-2.0,1.0,-2.0,2.0,-2.0,-2.0,2.0,-2.0,1,1
831,-2.0,-2.0,-2.0,-2.0,-2.0,-2.0,-2.0,-2.0,-2.0,-2.0,1.7000000000000002,-2.0,-2.0,-2.0,-2.0,0,0
832,2.0,1.0,1.0,0.7000000000000002,0.0,1.0,-2.0,-2.0,1.0,2.0,-2.0,-2.0,-2.0,2.0,-2.0,1,1
833,1.0,1.0,1.7000000000000002,0.0,1.0,-2.0,-2.0,-2.0,2.0,1.0,1.0,-2.0,-2.0,0.0,-2.0,1,1
834,-2.0,-2.0,-2.0,-2.0,-2.0,-2.0,-2.0,-2.0,-2.0,-2.0,0.0,-2.0,-2.0,-2.0,-2.0,0,0
835,-2.0,-2.0,-2.0,-2.0,-2.0,-2.0,-2.0,-2.0,-2.0,-2.0,-2.0,-2.0,-2.0,-2.0,-2.0,0,0
836,-2.0,-2.0,-2.0,-2.0,-2.0,-2.0,-2.0,-2.0,-2.0,-2.0,-2.0,-2.0,-2.0,-2.0,-2.0,0,0
837,2.0,1.0,0.7000000000000002,1.0,1.0,1.7000000000000002,-2.0,-2.0,2.0,0.0,-2.0,0.0,0.0,2.0,-2.0,1,0
838,1.7000000000000002,-2.0,-2.0,-2.0,-2.0,-2.0,-2.0,2.0,-2.0,-2.0,-2.0,-2.0,-2.0,-2.0,1.7000000000000002,0,0
839,0.0,-0.7,-0.30000000000000004,-1.0,-1.3,0.0,-2.0,-2.0,1.0,0.0,0.0,-2.0,-2.0,1.0,-2.0,0,0
840,0.0,0.0,0.7000000000000002,-0.30000000000000004,0.0,-2.0,-2.0,-2.0,1.7000000000000002,0.2999999999999998,-2.0,-2.0,-2.0,-2.0,1.0,1,1
841,0.0,-2.0,-1.3,-1.3,-2.0,1.0,-2.0,-2.0,0.0,2.0,1.0,-2.0,-2.0,-2.0,0.2999999999999998,0,0
842,-2.0,1.7000000000000002,-2.0,2.0,-2.0,1.7000000000000002,-2.0,-2.0,2.0,1.0,-2.0,-2.0,-2.0,1.0,-2.0,1,0
843,-0.7,-1.0,-2.0,1.0,1.0,-2.0,-2.0,-2.0,-2.0,-2.0,2.0,-2.0,-2.0,-2.0,-2.0,0,1
844,0.0,1.0,2.0,1.2999999999999998,1.2999999999999998,-2.0,-2.0,-2.0,1.0,0.7000000000000002,-2.0,1.0,-2.0,0.2999999999999998,-2.0,1,1
845,0.0,-2.0,-2.0,-2.0,-2.0,-2.0,-2.0,-2.0,0.0,0.0,2.0,-2.0,-2.0,0.0,-2.0,0,0
846,-2.0,-2.0,-2.0,-2.0,-2.0,-2.0,-2.0,-2.0,1.0,2.0,-2.0,-2.0,-2.0,-2.0,0.0,0,0
847,-2.0,-2.0,-2.0,-2.0,-2.0,1.2999999999999998,-2.0,-2.0,0.7000000000000002,-2.0,0.2999999999999998,-2.0,-2.0,0.0,-2.0,0,0
848,2.0,-2.0,-2.0,-2.0,-2.0,2.0,-2.0,-2.0,2.0,2.0,-2.0,-2.0,-2.0,2.0,-2.0,0,0
849,0.0,0.0,1.0,1.2999999999999998,0.0,-2.0,-2.0,-2.0,2.0,1.0,-2.0,-2.0,-2.0,-2.0,1.7000000000000002,1,1
850,-0.30000000000000004,1.0,1.0,0.0,-1.0,-2.0,-2.0,-2.0,1.0,1.0,0.0,-2.0,-2.0,0.2999999999999998,-2.0,1,1
851,2.0,2.0,1.0,2.0,1.0,-2.0,-2.0,-2.0,2.0,2.0,2.0,2.0,2.0,2.0,-2.0,1,0
852,2.0,-2.0,1.0,-2.0,-2.0,-2.0,2.0,-2.0,1.0,1.0,-2.0,-2.0,-2.0,2.0,-2.0,0,0
853,0.7000000000000002,-2.0,-2.0,-2.0,-2.0,-2.0,-2.0,-2.0,0.0,0.7000000000000002,0.0,-2.0,-2.0,-2.0,0.0,0,0
854,0.0,-1.0,0.0,0.7000000000000002,0.0,0.0,1.7000000000000002,-2.0,2.0,0.0,-2.0,-2.0,-2.0,0.0,-2.0,1,1
855,1.0,0.0,0.7000000000000002,0.2999999999999998,0.0,-2.0,-2.0,-2.0,0.0,0.0,1.0,-2.0,-2.0,1.0,-2.0,1,1
856,-2.0,-2.0,-2.0,-2.0,-2.0,-2.0,-2.0,-2.0,-2.0,-2.0,-2.0,-2.0,-2.0,-2.0,-2.0,0,0
857,0.0,1.0,1.0,0.0,0.0,0.0,-2.0,-2.0,0.0,1.0,0.0,-2.0,-2.0,1.0,-2.0,1,0
858,-1.0,-2.0,-2.0,-2.0,-2.0,-2.0,-2.0,-2.0,0.0,1.0,-2.0,-2.0,-2.0,1.0,-2.0,0,0
859,1.0,-1.0,-1.0,0.0,-2.0,-2.0,-2.0,-2.0,0.0,1.0,-2.0,-2.0,-2.0,1.0,-2.0,0,0
860,-2.0,-2.0,-2.0,-2.0,-2.0,-2.0,-2.0,-2.0,-2.0,-2.0,-2.0,-2.0,-2.0,2.0,-2.0,0,0
861,-2.0,0.7000000000000002,-2.0,-2.0,-2.0,1.7000000000000002,-2.0,-2.0,1.2999999999999998,2.0,1.7000000000000002,-2.0,-2.0,-2.0,0.2999999999999998,0,0
862,0.0,-2.0,0.2999999999999998,0.0,0.0,1.0,-2.0,-2.0,1.0,0.0,1.0,-2.0,-2.0,-2.0,0.0,1,1
863,0.2999999999999998,-2.0,-2.0,-2.0,-2.0,-2.0,-2.0,-2.0,0.7000000000000002,0.7000000000000002,-2.0,1.7000000000000002,-2.0,-2.0,-2.0,0,0
864,0.0,0.0,-1.0,0.0,-2.0,1.0,-2.0,-2.0,0.0,1.0,1.0,-2.0,-2.0,0.0,-2.0,0,0
865,-2.0,-2.0,-2.0,-2.0,-2.0,-2.0,-2.0,-2.0,-2.0,-2.0,1.7000000000000002,-2.0,-2.0,-2.0,-2.0,0,0
866,2.0,1.0,1.0,2.0,0.7000000000000002,2.0,-2.0,-2.0,-2.0,2.0,-2.0,-2.0,-2.0,2.0,-2.0,1,1
867,-2.0,-2.0,-2.0,-2.0,-2.0,-2.0,-2.0,-2.0,2.0,2.0,-2.0,-2.0,-2.0,2.0,-2.0,0,0
868,1.0,-2.0,-2.0,-2.0,-2.0,-2.0,1.0,-2.0,0.0,1.0,0.0,-2.0,-2.0,-2.0,-2.0,0,0
869,0.7000000000000002,2.0,0.0,1.0,0.0,0.7000000000000002,-2.0,-2.0,2.0,2.0,0.2999999999999998,-2.0,-2.0,1.0,-2.0,1,1
870,1.0,1.0,1.0,1.0,0.0,1.0,-2.0,-2.0,1.0,1.0,-2.0,-2.0,-2.0,-2.0,0.0,1,1
871,1.0,-2.0,-2.0,-2.0,-2.0,-2.0,-2.0,-2.0,0.0,-2.0,-2.0,-2.0,-2.0,-2.0,0.7000000000000002,0,0
872,-2.0,-2.0,-2.0,-2.0,-2.0,-2.0,-2.0,-2.0,-2.0,-2.0,1.2999999999999998,-2.0,-2.0,0.2999999999999998,-2.0,0,0
873,0.0,0.0,-0.7,0.0,1.0,-2.0,-2.0,-2.0,1.0,0.7000000000000002,-2.0,1.0,1.0,1.0,-2.0,1,1
874,2.0,0.0,0.7000000000000002,0.2999999999999998,1.0,2.0,-2.0,-2.0,2.0,2.0,1.7000000000000002,-2.0,-2.0,-2.0,-2.0,1,1
875,0.0,1.0,0.2999999999999998,1.0,-0.30000000000000004,1.7000000000000002,-2.0,1.7000000000000002,2.0,2.0,1.0,-2.0,-2.0,0.0,-2.0,1,1
876,-0.30000000000000004,-1.0,0.7000000000000002,0.0,0.0,-2.0,-2.0,-2.0,0.2999999999999998,1.0,-2.0,0.0,0.0,-2.0,-0.30000000000000004,1,1
877,-1.0,0.0,0.2999999999999998,-0.30000000000000004,-0.30000000000000004,0.7000000000000002,-2.0,-2.0,1.0,2.0,-2.0,-2.0,-2.0,-2.0,0.0,1,1
878,-2.0,-2.0,-2.0,-2.0,-2.0,-2.0,-2.0,-2.0,-2.0,-2.0,-2.0,-2.0,-2.0,1.0,-2.0,0,0
879,2.0,2.0,2.0,2.0,0.7000000000000002,-2.0,2.0,-2.0,2.0,2.0,-2.0,1.7000000000000002,-2.0,2.0,-2.0,1,1
880,2.0,2.0,2.0,0.7000000000000002,1.7000000000000002,1.0,-2.0,-2.0,0.0,1.0,2.0,-2.0,-2.0,2.0,-2.0,1,0
881,0.0,-1.0,1.2999999999999998,0.2999999999999998,0.0,-2.0,-2.0,-2.0,1.0,1.0,-2.0,-2.0,-2.0,-2.0,0.2999999999999998,1,1
882,0.0,2.0,2.0,1.2999999999999998,2.0,1.0,-2.0,-2.0,1.0,1.0,-2.0,-2.0,-2.0,1.0,-2.0,1,1
883,-2.0,-1.0,-2.0,0.0,-2.0,-2.0,-2.0,-2.0,0.0,1.0,0.0,-2.0,-2.0,0.7000000000000002,-2.0,0,0
884,2.0,2.0,0.7000000000000002,0.0,-0.30000000000000004,0.7000000000000002,-2.0,-2.0,1.0,2.0,-2.0,0.0,0.0,-2.0,-2.0,1,1
885,1.0,1.0,0.2999999999999998,1.0,0.0,-2.0,-2.0,-2.0,1.0,1.0,-2.0,-2.0,-2.0,-2.0,-2.0,1,0
886,0.0,-2.0,-2.0,-2.0,-2.0,0.0,-2.0,-2.0,2.0,0.0,0.0,-2.0,-2.0,1.0,-2.0,0,0
887,-2.0,1.0,1.0,1.7000000000000002,-2.0,2.0,-2.0,-2.0,0.0,0.2999999999999998,1.0,0.7000000000000002,-2.0,1.0,-2.0,1,0
888,-2.0,0.0,1.0,0.2999999999999998,0.2999999999999998,0.0,-2.0,-2.0,1.0,0.0,1.0,-2.0,-2.0,-2.0,0.0,1,1
889,1.0,1.0,1.0,1.0,0.0,-2.0,-2.0,-2.0,1.0,1.7000000000000002,1.0,-2.0,-2.0,-2.0,0.0,1,1
890,-2.0,1.0,0.0,-2.0,-2.0,-2.0,-0.7,-2.0,0.0,0.0,0.0,-2.0,-2.0,1.0,-2.0,0,0
891,0.0,0.0,1.0,-0.30000000000000004,-1.3,1.0,-2.0,-2.0,-2.0,2.0,-2.0,1.0,-2.0,0.2999999999999998,-2.0,1,1
892,0.0,0.0,-2.0,1.7000000000000002,1.0,2.0,-2.0,-2.0,1.0,0.0,0.0,-2.0,0.0,2.0,-2.0,1,1
893,-2.0,-2.0,-2.0,-2.0,-2.0,-2.0,-2.0,-2.0,-2.0,-2.0,0.0,-2.0,-2.0,-2.0,-2.0,0,0
894,-2.0,-2.0,-2.0,-2.0,-2.0,1.0,-2.0,-2.0,1.0,0.0,-2.0,2.0,-2.0,-2.0,-2.0,0,0
895,2.0,2.0,2.0,2.0,2.0,-2.0,2.0,-2.0,1.0,1.2999999999999998,-2.0,-2.0,-2.0,2.0,-2.0,1,1
896,0.0,0.0,0.7000000000000002,0.0,-1.0,-2.0,-2.0,-2.0,1.2999999999999998,0.2999999999999998,-2.0,-2.0,-2.0,-1.0,1.2999999999999998,1,1
897,2.0,-2.0,1.7000000000000002,-2.0,-2.0,-2.0,1.7000000000000002,-2.0,-2.0,2.0,-2.0,2.0,-2.0,-2.0,-2.0,0,0
898,-2.0,-2.0,-2.0,-2.0,-2.0,-2.0,-2.0,0.0,1.0,1.0,-2.0,-2.0,-2.0,-1.3,-2.0,0,0
899,-2.0,-2.0,-2.0,-2.0,-2.0,-2.0,-2.0,-2.0,-2.0,-2.0,2.0,-2.0,-2.0,-2.0,-2.0,0,0
900,1.0,-2.0,-2.0,-2.0,-2.0,-2.0,-2.0,-2.0,1.0,2.0,-2.0,-2.0,-2.0,1.0,-2.0,0,0
901,0.2999999999999998,-2.0,-2.0,-2.0,-2.0,1.7000000000000002,-2.0,-2.0,-2.0,-2.0,1.7000000000000002,-2.0,-2.0,2.0,-2.0,0,0
902,-2.0,-2.0,-2.0,-2.0,-2.0,-2.0,-2.0,-2.0,2.0,1.2999999999999998,2.0,-2.0,-2.0,1.0,-2.0,0,0
903,-0.30000000000000004,2.0,1.0,2.0,0.0,-2.0,-2.0,0.0,1.0,0.0,-2.0,-2.0,-2.0,-2.0,1.2999999999999998,1,0
904,0.0,1.0,1.2999999999999998,1.0,1.0,-2.0,-2.0,-2.0,1.0,0.0,1.7000000000000002,-2.0,-2.0,1.2999999999999998,-2.0,1,1
905,-2.0,1.0,-0.30000000000000004,-1.0,-2.0,1.0,-2.0,-2.0,1.0,2.0,-2.0,-2.0,-2.0,2.0,-2.0,1,0
906,0.0,1.0,1.2999999999999998,1.2999999999999998,0.7000000000000002,-2.0,-2.0,-2.0,2.0,1.0,-2.0,-2.0,-2.0,-0.30000000000000004,-2.0,1,1
907,0.0,-0.30000000000000004,1.0,0.2999999999999998,-2.0,1.0,-2.0,-2.0,1.0,0.0,-2.0,-2.0,-2.0,0.0,-2.0,1,0
908,0.0,1.0,0.2999999999999998,0.0,0.0,0.0,-2.0,-2.0,0.0,1.0,-2.0,-2.0,-2.0,-2.0,-0.30000000000000004,1,1
909,0.7000000000000002,-2.0,0.0,-2.0,-2.0,-2.0,-2.0,-2.0,-2.0,-2.0,-2.0,-2.0,-2.0,-2.0,0.0,0,0
910,1.0,-1.0,-2.0,-2.0,0.0,-2.0,1.7000000000000002,-2.0,2.0,2.0,0.0,-2.0,-2.0,1.0,-2.0,0,1
911,-2.0,-2.0,-2.0,0.2999999999999998,-2.0,1.0,-2.0,-2.0,-2.0,-2.0,-2.0,0.0,0.0,-2.0,-2.0,0,1
912,-1.0,-2.0,-1.0,-2.0,-2.0,-2.0,-2.0,-2.0,1.0,-1.0,-2.0,-2.0,-2.0,-2.0,0.0,0,0
913,-2.0,-2.0,-2.0,-2.0,-2.0,-2.0,-2.0,-2.0,-2.0,-2.0,-2.0,-2.0,-2.0,-2.0,-2.0,0,0
914,-2.0,-2.0,-2.0,-2.0,-2.0,-2.0,-2.0,-2.0,2.0,2.0,-2.0,-2.0,-2.0,2.0,-2.0,0,0
915,1.0,1.0,-0.30000000000000004,-0.7,-1.0,0.0,-2.0,-2.0,1.0,1.0,-2.0,0.0,0.0,0.0,-2.0,1,1
916,-0.30000000000000004,0.0,1.0,0.2999999999999998,0.0,1.7000000000000002,-2.0,-2.0,2.0,0.0,0.2999999999999998,-2.0,-2.0,0.0,-2.0,1,1
917,2.0,-2.0,-2.0,-2.0,-2.0,-2.0,-2.0,-2.0,1.0,1.0,-2.0,-2.0,-2.0,1.0,-2.0,0,0
918,2.0,0.0,0.2999999999999998,0.0,-0.30000000000000004,1.0,-2.0,-2.0,2.0,1.0,1.0,-2.0,-2.0,1.0,-2.0,1,1
919,2.0,0.0,2.0,-2.0,0.2999999999999998,-2.0,-2.0,-2.0,1.0,2.0,-2.0,1.0,1.0,1.0,-2.0,1,1
920,1.0,1.0,0.2999999999999998,1.2999999999999998,1.7000000000000002,-2.0,-2.0,-2.0,2.0,0.2999999999999998,-2.0,-2.0,-2.0,-2.0,1.0,1,1
921,1.7000000000000002,-2.0,-2.0,-2.0,-2.0,-2.0,-2.0,-2.0,0.2999999999999998,0.0,0.2999999999999998,-2.0,-2.0,-2.0,-2.0,0,0
922,0.7000000000000002,1.0,1.0,1.2999999999999998,1.7000000000000002,2.0,-2.0,-2.0,2.0,-2.0,1.0,-2.0,-2.0,1.2999999999999998,-2.0,1,1
923,2.0,2.0,1.0,2.0,2.0,-2.0,-2.0,-2.0,2.0,2.0,-2.0,1.0,1.0,2.0,-2.0,1,1
924,-2.0,-2.0,-2.0,0.2999999999999998,-2.0,1.0,-2.0,-2.0,1.0,1.0,-2.0,2.0,2.0,2.0,-2.0,0,0
925,2.0,2.0,1.2999999999999998,1.7000000000000002,0.2999999999999998,2.0,-2.0,-2.0,2.0,2.0,2.0,-2.0,-2.0,2.0,-2.0,1,1
926,1.0,2.0,1.0,1.7000000000000002,1.0,-2.0,-2.0,-2.0,2.0,1.0,-2.0,0.0,0.0,-2.0,1.7000000000000002,1,1
927,2.0,0.0,0.2999999999999998,-2.0,-2.0,-2.0,-2.0,-2.0,2.0,2.0,-2.0,1.0,1.0,-2.0,1.7000000000000002,1,0
928,1.0,-2.0,-2.0,-1.0,-2.0,1.0,-2.0,-2.0,0.0,0.0,-2.0,-2.0,-2.0,0.0,-2.0,0,0
929,-2.0,-2.0,-2.0,-2.0,-2.0,-2.0,1.0,-2.0,-2.0,-2.0,-2.0,-2.0,-2.0,-2.0,-2.0,0,0
930,2.0,2.0,2.0,2.0,0.0,2.0,-2.0,-2.0,2.0,1.0,-2.0,0.0,0.0,2.0,-2.0,1,1
931,-2.0,-2.0,-2.0,-1.0,-2.0,-2.0,-2.0,-2.0,2.0,2.0,-2.0,-2.0,-2.0,-1.0,-2.0,0,0
932,1.0,1.0,-0.30000000000000004,0.7000000000000002,0.0,-2.0,-2.0,-2.0,-2.0,-2.0,2.0,-2.0,-2.0,-2.0,-2.0,1,1
933,1.0,0.0,-0.7,-0.30000000000000004,-2.0,-2.0,-2.0,-2.0,1.0,1.0,1.0,-2.0,-2.0,0.0,-2.0,1,0
934,-2.0,-2.0,-2.0,-2.0,-2.0,-2.0,-2.0,-2.0,-2.0,-2.0,-2.0,-2.0,-2.0,0.0,-2.0,0,0
935,-2.0,-2.0,-2.0,-2.0,-2.0,-2.0,-2.0,-2.0,0.0,-2.0,-2.0,-2.0,-2.0,-2.0,-2.0,0,0
936,-2.0,1.0,1.0,2.0,0.7000000000000002,1.0,-2.0,-2.0,2.0,2.0,-2.0,1.0,-2.0,-2.0,1.0,1,1
937,0.0,2.0,1.0,-2.0,0.0,-2.0,2.0,-2.0,1.0,1.0,-2.0,-2.0,-2.0,2.0,-2.0,1,1
938,-2.0,1.0,1.0,0.0,1.2999999999999998,-2.0,-2.0,-2.0,-2.0,-2.0,-2.0,-2.0,-2.0,2.0,-2.0,1,1
939,1.0,0.2999999999999998,0.7000000000000002,-0.30000000000000004,2.0,-2.0,-2.0,-2.0,0.0,1.0,-2.0,-2.0,-2.0,2.0,-2.0,1,1
940,-2.0,-1.0,-1.0,-1.0,-2.0,-2.0,-2.0,-2.0,0.0,2.0,-2.0,-2.0,-2.0,-2.0,-2.0,0,0
941,2.0,1.0,2.0,0.2999999999999998,2.0,-2.0,-2.0,-2.0,1.0,1.0,-2.0,-2.0,-2.0,-2.0,0.2999999999999998,1,1
942,-2.0,-2.0,-2.0,-2.0,-2.0,0.2999999999999998,-2.0,-2.0,1.0,0.0,-2.0,2.0,-2.0,1.0,-2.0,0,0
943,-2.0,2.0,-2.0,-2.0,2.0,-2.0,-2.0,-2.0,-2.0,2.0,-2.0,-2.0,-2.0,0.0,-2.0,1,1
944,2.0,-2.0,-2.0,-2.0,-2.0,-2.0,-2.0,-2.0,2.0,2.0,-2.0,-2.0,-2.0,2.0,-2.0,0,0
945,-0.7,0.0,0.0,-0.30000000000000004,0.0,-2.0,-2.0,-2.0,1.0,1.0,0.0,-2.0,-2.0,0.0,-2.0,1,1
946,2.0,-2.0,-2.0,-2.0,-2.0,-2.0,-2.0,-2.0,1.0,1.0,-2.0,-2.0,-2.0,0.2999999999999998,-2.0,0,0
947,2.0,2.0,2.0,1.7000000000000002,1.0,-2.0,-2.0,-2.0,2.0,2.0,-2.0,-2.0,-2.0,2.0,-2.0,1,1
948,-1.0,-2.0,-2.0,-2.0,-2.0,-2.0,-2.0,-2.0,0.0,-1.0,0.0,-2.0,-2.0,0.0,-2.0,0,0
949,0.0,-0.30000000000000004,0.0,-0.30000000000000004,-2.0,1.2999999999999998,-2.0,-2.0,1.0,0.2999999999999998,0.0,-2.0,-2.0,-2.0,-0.7,0,0
950,-2.0,2.0,2.0,2.0,2.0,-2.0,-2.0,-2.0,-2.0,2.0,2.0,-2.0,-2.0,2.0,-2.0,1,1
951,2.0,1.0,2.0,2.0,1.0,1.0,-2.0,-2.0,2.0,2.0,-2.0,-2.0,-2.0,2.0,-2.0,1,1
952,1.0,0.0,1.2999999999999998,0.0,0.0,2.0,-2.0,-2.0,2.0,1.0,1.0,-2.0,-2.0,-1.0,-2.0,1,1
953,1.2999999999999998,1.0,2.0,1.7000000000000002,0.0,-2.0,-2.0,1.7000000000000002,2.0,2.0,-2.0,2.0,2.0,1.0,-2.0,1,1
954,-1.0,-2.0,0.0,-2.0,-2.0,-2.0,-2.0,-2.0,-1.0,-0.30000000000000004,1.2999999999999998,-2.0,-2.0,-2.0,-0.7,0,0
955,2.0,2.0,1.0,-2.0,1.0,-2.0,-2.0,-2.0,2.0,2.0,-2.0,-2.0,-2.0,1.0,-2.0,1,1
956,2.0,1.0,-2.0,1.7000000000000002,2.0,2.0,-2.0,-2.0,2.0,2.0,-2.0,0.0,0.0,2.0,-2.0,1,1
957,2.0,-2.0,-2.0,0.7000000000000002,-2.0,1.0,-2.0,-2.0,1.0,2.0,2.0,-2.0,-2.0,2.0,-2.0,1,0
958,0.2999999999999998,-2.0,-2.0,-2.0,-2.0,0.7000000000000002,-2.0,-2.0,1.0,0.0,0.0,-2.0,-2.0,0.2999999999999998,-2.0,0,0
959,0.0,-1.0,-2.0,-2.0,-2.0,-2.0,-2.0,-2.0,1.0,2.0,0.0,-2.0,-2.0,1.0,-2.0,0,0
960,1.0,-2.0,-2.0,-2.0,-2.0,0.0,-2.0,-2.0,-2.0,-2.0,-2.0,-2.0,-2.0,-2.0,-2.0,0,0
961,2.0,-2.0,-2.0,-2.0,-2.0,2.0,-2.0,-2.0,2.0,-2.0,-2.0,-2.0,-2.0,-2.0,-2.0,0,0
962,-2.0,-2.0,-2.0,-2.0,-2.0,-2.0,-2.0,-2.0,2.0,2.0,-2.0,-2.0,-2.0,-2.0,-2.0,0,0
963,1.0,0.0,0.0,1.0,-2.0,1.0,-2.0,-2.0,2.0,1.0,-2.0,0.0,0.0,1.0,-2.0,1,0
964,0.0,2.0,2.0,-2.0,1.0,-2.0,-2.0,0.2999999999999998,2.0,1.2999999999999998,-2.0,2.0,-2.0,-2.0,-2.0,1,1
965,0.0,1.0,0.0,1.2999999999999998,1.0,1.0,-2.0,-2.0,0.0,1.0,0.0,-2.0,-2.0,0.0,-2.0,1,0
966,-2.0,-2.0,-2.0,-2.0,-2.0,-2.0,-2.0,-2.0,1.0,-2.0,-2.0,1.0,1.0,2.0,-2.0,0,0
967,-2.0,-2.0,-2.0,-2.0,-2.0,-2.0,-2.0,-2.0,-1.0,-2.0,-0.30000000000000004,-2.0,-2.0,-2.0,-2.0,0,0
968,1.0,1.0,0.2999999999999998,0.0,-2.0,0.0,-2.0,-2.0,1.0,2.0,-2.0,2.0,-2.0,2.0,-2.0,1,0
969,-2.0,-2.0,-2.0,-2.0,-2.0,-2.0,-2.0,-2.0,-2.0,1.0,-2.0,-2.0,-2.0,-2.0,-2.0,0,0
970,0.0,-1.0,0.2999999999999998,-0.30000000000000004,-2.0,-2.0,-2.0,-2.0,2.0,2.0,-2.0,-2.0,-2.0,-2.0,1.0,0,0
971,2.0,-2.0,-2.0,-2.0,-2.0,2.0,-2.0,-2.0,0.7000000000000002,0.2999999999999998,1.2999999999999998,-2.0,-2.0,1.2999999999999998,-2.0,0,0
972,1.0,0.0,0.0,-0.30000000000000004,-1.0,1.0,-2.0,-2.0,2.0,1.0,-2.0,-2.0,-2.0,-1.0,-2.0,1,0
973,-2.0,-1.0,0.2999999999999998,0.7000000000000002,0.0,-2.0,-2.0,-2.0,2.0,2.0,-2.0,-2.0,-2.0,0.2999999999999998,-2.0,1,1
974,-2.0,-2.0,-2.0,-2.0,-2.0,-2.0,-2.0,-2.0,-2.0,-2.0,-2.0,-2.0,-2.0,-2.0,-2.0,0,0
975,-2.0,-2.0,-2.0,-2.0,-2.0,1.7000000000000002,-2.0,-2.0,0.0,-2.0,-2.0,-2.0,-2.0,-2.0,-2.0,0,0
976,1.0,-2.0,-2.0,-2.0,-2.0,-2.0,-2.0,-2.0,0.0,1.0,1.0,-2.0,-2.0,0.0,-2.0,0,0
977,-2.0,2.0,2.0,1.0,1.0,2.0,-2.0,-2.0,2.0,-2.0,-2.0,0.0,-2.0,0.0,-2.0,1,1
978,-0.30000000000000004,-2.0,0.0,-2.0,-2.0,-2.0,-2.0,-2.0,0.0,-0.30000000000000004,0.0,-2.0,-2.0,-2.0,-0.30000000000000004,0,0
979,1.0,0.0,0.2999999999999998,0.7000000000000002,-0.7,-2.0,-2.0,-2.0,2.0,2.0,0.0,-2.0,-2.0,1.0,-2.0,1,1
980,0.0,-2.0,-2.0,-2.0,-2.0,-2.0,-2.0,-2.0,0.0,-2.0,-2.0,0.0,0.0,0.0,-2.0,0,0
981,0.0,-2.0,-0.30000000000000004,1.0,-2.0,-2.0,-2.0,-2.0,0.0,0.0,-2.0,0.0,0.0,-2.0,0.0,0,0
982,2.0,2.0,2.0,0.0,2.0,2.0,-2.0,-2.0,2.0,2.0,-2.0,-2.0,-2.0,2.0,-2.0,1,1
983,-0.30000000000000004,-1.0,-2.0,-2.0,0.0,-2.0,-2.0,-2.0,0.0,-0.30000000000000004,-2.0,-2.0,-2.0,0.0,-2.0,0,0
984,1.0,0.0,-1.0,0.0,0.0,0.7000000000000002,-2.0,-2.0,2.0,0.0,1.2999999999999998,-2.0,-2.0,-2.0,1.0,1,1
985,-0.7,1.0,-0.30000000000000004,0.7000000000000002,0.0,-2.0,-2.0,-2.0,1.0,0.0,-2.0,-2.0,-2.0,-2.0,-0.30000000000000004,1,1
986,-2.0,-2.0,-2.0,-2.0,-2.0,-2.0,-2.0,-2.0,1.0,-2.0,-2.0,-2.0,-2.0,-2.0,-2.0,0,0
